"","actor","subject","bin","n.aggXbin"
"1","BBB","BOB",0,31
"2","BBB","BOB",1,35
"3","BBB","BOB",5,5
"4","BBB","BOB",6,1
"5","BBB","BOB",7,2
"6","BBB","BOB",8,2
"7","BBB","GGG",0,3
"8","BBB","GGG",1,7
"9","BBB","GGG",4,8
"10","BBB","GGG",5,2
"11","BBB","GGG",6,2
"12","BBB","GGG",7,4
"13","BBB","GGG",8,4
"14","BBB","GGG",9,5
"15","BBB","GGG",10,6
"16","BBB","GGG",11,4
"17","BBB","GGG",12,6
"18","BBB","GGG",13,3
"19","BBB","GGO",0,10
"20","BBB","GGO",1,9
"21","BBB","GGO",4,1
"22","BBB","GGO",5,1
"23","BBB","GGO",6,1
"24","BBB","GGO",7,9
"25","BBB","GGO",8,13
"26","BBB","GGO",9,6
"27","BBB","GGO",10,4
"28","BBB","GGO",11,10
"29","BBB","GGO",12,12
"30","BBB","GGO",13,4
"31","BBB","GOO",0,10
"32","BBB","GOO",1,4
"33","BBB","GOO",4,1
"34","BBB","GOO",7,1
"35","BBB","GOO",9,1
"36","BBB","GOP",0,18
"37","BBB","GOP",1,12
"38","BBB","GOP",4,1
"39","BBB","GOP",5,1
"40","BBB","GOP",7,13
"41","BBB","GOP",8,12
"42","BBB","GOP",9,3
"43","BBB","GOP",10,8
"44","BBB","GOP",11,17
"45","BBB","GOP",12,14
"46","BBB","GOP",13,9
"47","BBB","GPG",0,11
"48","BBB","GPG",1,8
"49","BBB","GPG",8,6
"50","BBB","GPG",9,11
"51","BBB","GPG",10,6
"52","BBB","GPG",11,7
"53","BBB","GPG",12,9
"54","BBB","GPG",13,9
"55","BBB","OBB",0,5
"56","BBB","OBB",1,19
"57","BBB","OBB",4,3
"58","BBB","OBB",5,1
"59","BBB","OBB",7,1
"60","BBB","OBB",9,2
"61","BBB","OBB",11,1
"62","BBB","OGO",0,6
"63","BBB","OGO",1,10
"64","BBB","OGO",8,1
"65","BBB","OGO",9,2
"66","BBB","OOO",0,10
"67","BBB","OOO",1,13
"68","BBB","OOO",4,1
"69","BBB","OOO",5,1
"70","BBB","OOO",6,16
"71","BBB","OOO",7,17
"72","BBB","OOO",8,8
"73","BBB","OOO",9,13
"74","BBB","OOO",10,9
"75","BBB","OOO",11,11
"76","BBB","OOO",12,14
"77","BBB","OOO",13,9
"78","BBB","OOP",0,22
"79","BBB","OOP",1,19
"80","BBB","OOP",5,5
"81","BBB","OOP",6,5
"82","BBB","OOP",7,6
"83","BBB","OOP",8,8
"84","BBB","OOP",9,7
"85","BBB","OOP",10,8
"86","BBB","OOP",11,5
"87","BBB","OOP",12,7
"88","BBB","OOP",13,5
"89","BBB","OPP",0,54
"90","BBB","OPP",1,44
"91","BBB","OPP",4,1
"92","BBB","OPP",5,1
"93","BBB","OPP",12,29
"94","BBB","OPP",13,17
"95","BBB","PBB",0,13
"96","BBB","PBB",1,11
"97","BBB","PBB",4,1
"98","BBB","PBB",5,3
"99","BBB","PBB",6,6
"100","BBB","PBB",7,13
"101","BBB","PBB",8,9
"102","BBB","PBB",9,13
"103","BBB","PBB",10,5
"104","BBB","PBB",11,7
"105","BBB","PBB",12,6
"106","BBB","PBB",13,5
"107","BBB","PBO",0,7
"108","BBB","PBO",1,4
"109","BBB","PBO",4,1
"110","BBB","PBO",5,6
"111","BBB","PBO",13,1
"112","BBB","PGG",0,27
"113","BBB","PGG",1,21
"114","BBB","PGG",4,2
"115","BBB","PGG",5,3
"116","BBB","PGG",6,7
"117","BBB","PGG",7,8
"118","BBB","PGG",8,5
"119","BBB","PGG",9,14
"120","BBB","PGG",10,6
"121","BBB","PGG",11,12
"122","BBB","PGG",12,11
"123","BBB","PGG",13,3
"124","BBB","POO",0,5
"125","BBB","POO",1,12
"126","BBB","POO",6,246
"127","BBB","POO",7,65
"128","BBB","POO",8,64
"129","BBB","POO",9,30
"130","BBB","POO",10,29
"131","BBB","POO",11,26
"132","BBB","POO",12,44
"133","BBB","POO",13,21
"134","BBB","POP",0,2
"135","BBB","POP",10,1
"136","BBB","PPB",5,3
"137","BBB","PPB",9,2
"138","BBB","PPB",11,1
"139","BBB","PPO",0,2
"140","BBB","PPO",1,17
"141","BBB","PPO",4,1
"142","BBB","PPO",6,5
"143","BBB","PPO",7,4
"144","BBB","PPO",8,4
"145","BBB","PPO",9,3
"146","BBB","PPO",10,6
"147","BBB","PPO",11,13
"148","BBB","PPO",12,7
"149","BBB","PPO",13,5
"150","BBB","PPP",0,12
"151","BBB","PPP",1,3
"152","BBB","PPP",6,2
"153","BBB","PPP",7,10
"154","BBB","PPP",8,8
"155","BBB","PPP",9,8
"156","BBB","PPP",10,3
"157","BBB","PPP",11,12
"158","BBB","PPP",12,12
"159","BBB","PPP",13,7
"160","BOB","BBB",4,22
"161","BOB","BBB",5,20
"162","BOB","BBB",6,13
"163","BOB","BBB",7,10
"164","BOB","BBB",8,14
"165","BOB","BBB",9,8
"166","BOB","BBB",10,11
"167","BOB","BBB",11,9
"168","BOB","BBB",12,19
"169","BOB","BBB",13,12
"170","BOB","GGG",0,4
"171","BOB","GGG",1,21
"172","BOB","GGG",2,19
"173","BOB","GGG",3,8
"174","BOB","GGG",4,4
"175","BOB","GGG",5,1
"176","BOB","GGG",6,3
"177","BOB","GGG",7,8
"178","BOB","GGG",8,2
"179","BOB","GGG",9,3
"180","BOB","GGG",10,1
"181","BOB","GGG",11,5
"182","BOB","GGG",12,7
"183","BOB","GGG",13,4
"184","BOB","GGO",2,1
"185","BOB","GGO",7,1
"186","BOB","GGO",8,2
"187","BOB","GGO",9,1
"188","BOB","GGO",11,1
"189","BOB","GOO",0,9
"190","BOB","GOO",1,11
"191","BOB","GOO",3,4
"192","BOB","GOO",4,4
"193","BOB","GOO",5,3
"194","BOB","GOO",6,5
"195","BOB","GOO",7,4
"196","BOB","GOO",9,4
"197","BOB","GOO",12,11
"198","BOB","GOO",13,4
"199","BOB","GOP",0,1
"200","BOB","GOP",3,1
"201","BOB","GOP",4,1
"202","BOB","GOP",10,1
"203","BOB","GPG",8,1
"204","BOB","GPG",12,1
"205","BOB","OGO",1,2
"206","BOB","OGO",4,1
"207","BOB","OGO",8,1
"208","BOB","OGO",9,1
"209","BOB","OGO",11,1
"210","BOB","OOO",0,35
"211","BOB","OOO",1,31
"212","BOB","OOO",2,12
"213","BOB","OOO",3,14
"214","BOB","OOO",4,15
"215","BOB","OOO",5,12
"216","BOB","OOO",6,6
"217","BOB","OOO",7,13
"218","BOB","OOO",8,8
"219","BOB","OOO",9,18
"220","BOB","OOO",10,7
"221","BOB","OOO",11,26
"222","BOB","OOO",12,16
"223","BOB","OOO",13,8
"224","BOB","OOP",0,4
"225","BOB","OOP",1,1
"226","BOB","OOP",2,1
"227","BOB","OOP",3,3
"228","BOB","OOP",4,6
"229","BOB","OOP",5,1
"230","BOB","OOP",6,3
"231","BOB","OOP",7,1
"232","BOB","OOP",8,3
"233","BOB","OOP",9,1
"234","BOB","OOP",10,2
"235","BOB","OOP",11,1
"236","BOB","OPP",0,2
"237","BOB","OPP",12,60
"238","BOB","OPP",13,18
"239","BOB","PBB",0,14
"240","BOB","PBB",1,22
"241","BOB","PBB",2,7
"242","BOB","PBB",3,3
"243","BOB","PBB",4,7
"244","BOB","PBB",5,4
"245","BOB","PBB",6,2
"246","BOB","PBB",7,3
"247","BOB","PBB",8,4
"248","BOB","PBB",9,15
"249","BOB","PBB",11,14
"250","BOB","PBB",12,14
"251","BOB","PBB",13,5
"252","BOB","PBO",0,13
"253","BOB","PBO",1,10
"254","BOB","PBO",2,2
"255","BOB","PBO",3,7
"256","BOB","PBO",4,2
"257","BOB","PBO",5,1
"258","BOB","PBO",6,3
"259","BOB","PBO",9,1
"260","BOB","PBO",11,1
"261","BOB","PBO",12,14
"262","BOB","PBO",13,1
"263","BOB","PGG",0,18
"264","BOB","PGG",1,20
"265","BOB","PGG",2,15
"266","BOB","PGG",3,13
"267","BOB","PGG",4,18
"268","BOB","PGG",5,5
"269","BOB","PGG",6,1
"270","BOB","PGG",7,8
"271","BOB","PGG",8,7
"272","BOB","PGG",9,14
"273","BOB","PGG",10,6
"274","BOB","PGG",11,18
"275","BOB","PGG",12,19
"276","BOB","PGG",13,11
"277","BOB","POO",0,2
"278","BOB","POO",2,2
"279","BOB","POO",3,6
"280","BOB","POO",4,17
"281","BOB","POO",5,15
"282","BOB","POO",6,6
"283","BOB","POO",7,15
"284","BOB","POO",8,10
"285","BOB","POO",9,11
"286","BOB","POO",10,6
"287","BOB","POO",11,5
"288","BOB","POO",12,10
"289","BOB","POO",13,1
"290","BOB","POP",1,1
"291","BOB","POP",2,6
"292","BOB","POP",4,3
"293","BOB","POP",8,1
"294","BOB","PPB",2,1
"295","BOB","PPB",3,6
"296","BOB","PPB",4,5
"297","BOB","PPB",5,6
"298","BOB","PPB",6,6
"299","BOB","PPB",7,7
"300","BOB","PPB",8,12
"301","BOB","PPB",9,7
"302","BOB","PPB",10,5
"303","BOB","PPB",11,15
"304","BOB","PPB",12,13
"305","BOB","PPB",13,5
"306","BOB","PPO",0,2
"307","BOB","PPO",1,10
"308","BOB","PPO",2,6
"309","BOB","PPO",3,4
"310","BOB","PPO",4,19
"311","BOB","PPO",5,2
"312","BOB","PPO",6,8
"313","BOB","PPO",7,3
"314","BOB","PPO",8,1
"315","BOB","PPO",11,7
"316","BOB","PPO",12,14
"317","BOB","PPO",13,7
"318","BOB","PPP",0,2
"319","BOB","PPP",1,3
"320","BOB","PPP",3,1
"321","BOB","PPP",4,3
"322","BOB","PPP",6,1
"323","GGG","BBB",4,1
"324","GGG","BBB",5,1
"325","GGG","BBB",6,3
"326","GGG","BBB",9,2
"327","GGG","BOB",2,1
"328","GGG","BOB",3,1
"329","GGG","BOB",4,2
"330","GGG","BOB",5,10
"331","GGG","BOB",6,8
"332","GGG","BOB",7,6
"333","GGG","BOB",8,3
"334","GGG","BOB",9,7
"335","GGG","BOB",10,5
"336","GGG","GGO",6,2
"337","GGG","GGO",9,1
"338","GGG","GOO",0,2
"339","GGG","GOP",6,3
"340","GGG","GOP",10,1
"341","GGG","GPG",8,1
"342","GGG","OBB",8,1
"343","GGG","OBB",9,1
"344","GGG","OGO",12,1
"345","GGG","OOO",5,2
"346","GGG","OOO",6,1
"347","GGG","OOO",9,1
"348","GGG","OOO",10,1
"349","GGG","OOP",2,7
"350","GGG","OOP",3,2
"351","GGG","OOP",4,14
"352","GGG","OOP",5,12
"353","GGG","OOP",6,13
"354","GGG","OOP",7,4
"355","GGG","OOP",8,6
"356","GGG","OOP",9,2
"357","GGG","OOP",10,1
"358","GGG","OOP",11,1
"359","GGG","OOP",12,2
"360","GGG","OPP",0,1
"361","GGG","OPP",8,1
"362","GGG","OPP",9,1
"363","GGG","OPP",12,6
"364","GGG","OPP",13,1
"365","GGG","PBB",6,1
"366","GGG","PBB",11,3
"367","GGG","PGG",0,3
"368","GGG","PGG",1,1
"369","GGG","PGG",2,1
"370","GGG","POO",9,1
"371","GGG","POO",10,1
"372","GGG","POO",11,1
"373","GGG","POP",7,1
"374","GGG","PPB",6,1
"375","GGG","PPB",11,2
"376","GGG","PPB",13,1
"377","GGG","PPO",4,3
"378","GGG","PPO",12,3
"379","GGG","PPP",1,1
"380","GGG","PPP",2,2
"381","GGG","PPP",5,9
"382","GGG","PPP",6,2
"383","GGG","PPP",7,1
"384","GGG","PPP",8,1
"385","GGG","PPP",9,1
"386","GGG","PPP",10,5
"387","GGG","PPP",11,1
"388","GGG","PPP",12,1
"389","GGO","BBB",4,20
"390","GGO","BBB",5,7
"391","GGO","BBB",6,105
"392","GGO","BBB",7,1
"393","GGO","BBB",9,1
"394","GGO","BOB",0,10
"395","GGO","BOB",1,9
"396","GGO","BOB",2,4
"397","GGO","BOB",3,18
"398","GGO","BOB",4,10
"399","GGO","BOB",5,19
"400","GGO","BOB",6,24
"401","GGO","BOB",7,14
"402","GGO","BOB",8,3
"403","GGO","BOB",9,5
"404","GGO","BOB",10,11
"405","GGO","BOB",11,15
"406","GGO","BOB",12,10
"407","GGO","BOB",13,4
"408","GGO","GGG",0,2
"409","GGO","GGG",1,5
"410","GGO","GGG",2,3
"411","GGO","GGG",3,3
"412","GGO","GGG",4,2
"413","GGO","GGG",5,6
"414","GGO","GGG",6,7
"415","GGO","GGG",7,2
"416","GGO","GGG",8,2
"417","GGO","GGG",9,3
"418","GGO","GGG",10,3
"419","GGO","GGG",11,2
"420","GGO","GGG",13,1
"421","GGO","GOO",0,2
"422","GGO","GOO",1,4
"423","GGO","GOO",2,2
"424","GGO","GOO",3,5
"425","GGO","GOO",4,2
"426","GGO","GOO",5,1
"427","GGO","GOO",6,5
"428","GGO","GOO",7,7
"429","GGO","GOO",9,6
"430","GGO","GOO",10,1
"431","GGO","GOO",11,4
"432","GGO","GOO",13,3
"433","GGO","GOP",0,2
"434","GGO","GOP",1,2
"435","GGO","GOP",2,2
"436","GGO","GOP",3,3
"437","GGO","GOP",4,7
"438","GGO","GOP",5,1
"439","GGO","GOP",6,4
"440","GGO","GOP",9,1
"441","GGO","GOP",11,6
"442","GGO","GOP",12,1
"443","GGO","OBB",0,2
"444","GGO","OBB",1,6
"445","GGO","OBB",2,4
"446","GGO","OBB",3,5
"447","GGO","OBB",4,4
"448","GGO","OBB",5,2
"449","GGO","OBB",6,20
"450","GGO","OBB",8,4
"451","GGO","OBB",9,9
"452","GGO","OBB",10,2
"453","GGO","OBB",11,10
"454","GGO","OBB",12,5
"455","GGO","OBB",13,1
"456","GGO","OGO",0,8
"457","GGO","OGO",1,3
"458","GGO","OGO",2,5
"459","GGO","OGO",3,6
"460","GGO","OGO",4,2
"461","GGO","OGO",6,22
"462","GGO","OGO",7,6
"463","GGO","OGO",8,6
"464","GGO","OGO",9,12
"465","GGO","OGO",11,9
"466","GGO","OGO",12,6
"467","GGO","OGO",13,2
"468","GGO","OOO",4,2
"469","GGO","OOO",6,1
"470","GGO","OOP",0,4
"471","GGO","OOP",1,4
"472","GGO","OOP",5,1
"473","GGO","OOP",6,1
"474","GGO","OOP",11,1
"475","GGO","OOP",12,2
"476","GGO","OOP",13,1
"477","GGO","OPP",0,2
"478","GGO","OPP",1,4
"479","GGO","OPP",2,5
"480","GGO","OPP",3,9
"481","GGO","OPP",4,5
"482","GGO","OPP",5,6
"483","GGO","OPP",6,5
"484","GGO","OPP",7,8
"485","GGO","OPP",12,11
"486","GGO","OPP",13,2
"487","GGO","PBB",0,1
"488","GGO","PBB",4,1
"489","GGO","PBB",6,1
"490","GGO","PBB",11,1
"491","GGO","PBO",0,5
"492","GGO","PBO",1,4
"493","GGO","PBO",2,4
"494","GGO","PBO",3,4
"495","GGO","PBO",4,4
"496","GGO","PBO",5,3
"497","GGO","PBO",6,6
"498","GGO","PBO",7,1
"499","GGO","PBO",8,1
"500","GGO","PBO",9,2
"501","GGO","PBO",10,1
"502","GGO","PBO",11,8
"503","GGO","PBO",12,3
"504","GGO","PBO",13,4
"505","GGO","PGG",0,7
"506","GGO","PGG",1,16
"507","GGO","PGG",2,18
"508","GGO","PGG",3,12
"509","GGO","PGG",4,5
"510","GGO","PGG",5,6
"511","GGO","PGG",6,19
"512","GGO","PGG",7,5
"513","GGO","PGG",9,7
"514","GGO","PGG",11,3
"515","GGO","PGG",12,3
"516","GGO","PGG",13,1
"517","GGO","POO",0,6
"518","GGO","POO",1,5
"519","GGO","POO",2,6
"520","GGO","POO",3,3
"521","GGO","POO",4,5
"522","GGO","POO",5,3
"523","GGO","POO",6,17
"524","GGO","POO",7,4
"525","GGO","POO",11,11
"526","GGO","POO",12,2
"527","GGO","POO",13,3
"528","GGO","POP",2,1
"529","GGO","POP",3,19
"530","GGO","POP",4,3
"531","GGO","POP",5,17
"532","GGO","POP",6,15
"533","GGO","POP",7,10
"534","GGO","POP",9,2
"535","GGO","POP",10,3
"536","GGO","POP",11,11
"537","GGO","POP",12,11
"538","GGO","POP",13,4
"539","GGO","PPB",2,3
"540","GGO","PPB",3,5
"541","GGO","PPB",4,2
"542","GGO","PPB",5,4
"543","GGO","PPB",6,121
"544","GGO","PPB",7,1
"545","GGO","PPB",8,1
"546","GGO","PPB",11,10
"547","GGO","PPB",12,4
"548","GGO","PPB",13,8
"549","GGO","PPO",0,7
"550","GGO","PPO",1,7
"551","GGO","PPO",2,4
"552","GGO","PPO",3,5
"553","GGO","PPO",4,5
"554","GGO","PPO",6,3
"555","GGO","PPO",7,5
"556","GGO","PPO",8,1
"557","GGO","PPO",9,4
"558","GGO","PPO",11,11
"559","GGO","PPO",12,4
"560","GGO","PPO",13,3
"561","GGO","PPP",0,3
"562","GGO","PPP",1,2
"563","GGO","PPP",2,2
"564","GGO","PPP",3,5
"565","GGO","PPP",5,1
"566","GGO","PPP",6,2
"567","GGO","PPP",7,4
"568","GGO","PPP",8,1
"569","GGO","PPP",10,1
"570","GGO","PPP",11,2
"571","GGO","PPP",12,6
"572","GOO","BBB",4,26
"573","GOO","BBB",5,13
"574","GOO","BBB",6,28
"575","GOO","BBB",7,44
"576","GOO","BBB",8,16
"577","GOO","BBB",9,21
"578","GOO","BBB",10,18
"579","GOO","BBB",11,29
"580","GOO","BBB",12,22
"581","GOO","BBB",13,5
"582","GOO","BOB",0,1
"583","GOO","BOB",2,10
"584","GOO","BOB",3,7
"585","GOO","BOB",4,11
"586","GOO","BOB",5,15
"587","GOO","BOB",6,10
"588","GOO","BOB",7,4
"589","GOO","BOB",8,1
"590","GOO","BOB",9,4
"591","GOO","BOB",10,13
"592","GOO","BOB",11,17
"593","GOO","BOB",12,8
"594","GOO","GGG",0,1
"595","GOO","GGG",1,2
"596","GOO","GGG",2,1
"597","GOO","GGG",3,4
"598","GOO","GGG",4,2
"599","GOO","GGG",5,1
"600","GOO","GGG",6,1
"601","GOO","GGG",7,1
"602","GOO","GGG",8,1
"603","GOO","GGG",9,2
"604","GOO","GGG",10,1
"605","GOO","GGG",11,3
"606","GOO","GGG",12,1
"607","GOO","GGG",13,1
"608","GOO","GGO",2,1
"609","GOO","GGO",4,1
"610","GOO","GGO",10,1
"611","GOO","GOP",0,51
"612","GOO","GOP",1,32
"613","GOO","GOP",2,14
"614","GOO","GOP",3,37
"615","GOO","GOP",4,41
"616","GOO","GOP",5,18
"617","GOO","GOP",6,16
"618","GOO","GOP",7,24
"619","GOO","GOP",8,9
"620","GOO","GOP",9,15
"621","GOO","GOP",10,8
"622","GOO","GOP",11,25
"623","GOO","GOP",12,18
"624","GOO","GOP",13,15
"625","GOO","GPG",9,1
"626","GOO","OBB",0,12
"627","GOO","OBB",1,8
"628","GOO","OBB",2,9
"629","GOO","OBB",3,4
"630","GOO","OBB",4,16
"631","GOO","OBB",5,5
"632","GOO","OBB",6,19
"633","GOO","OBB",7,29
"634","GOO","OBB",8,8
"635","GOO","OBB",9,16
"636","GOO","OBB",10,10
"637","GOO","OBB",11,8
"638","GOO","OBB",12,28
"639","GOO","OBB",13,13
"640","GOO","OGO",0,4
"641","GOO","OGO",1,7
"642","GOO","OGO",2,6
"643","GOO","OGO",3,2
"644","GOO","OGO",4,4
"645","GOO","OGO",5,7
"646","GOO","OGO",6,13
"647","GOO","OGO",7,12
"648","GOO","OGO",8,11
"649","GOO","OGO",9,19
"650","GOO","OGO",10,13
"651","GOO","OGO",11,18
"652","GOO","OGO",12,32
"653","GOO","OGO",13,24
"654","GOO","OOO",0,1
"655","GOO","OOO",1,1
"656","GOO","OOO",3,1
"657","GOO","OOO",4,1
"658","GOO","OOO",7,1
"659","GOO","OOO",11,2
"660","GOO","OOP",0,1
"661","GOO","OOP",4,2
"662","GOO","OOP",5,1
"663","GOO","OOP",9,1
"664","GOO","OPP",0,1
"665","GOO","OPP",7,1
"666","GOO","OPP",12,4
"667","GOO","OPP",13,2
"668","GOO","PBB",2,1
"669","GOO","PBB",4,1
"670","GOO","PBB",7,2
"671","GOO","PBO",1,1
"672","GOO","PBO",2,2
"673","GOO","PBO",3,1
"674","GOO","PBO",9,1
"675","GOO","PBO",12,1
"676","GOO","PGG",0,4
"677","GOO","PGG",1,21
"678","GOO","PGG",2,12
"679","GOO","PGG",3,9
"680","GOO","PGG",4,5
"681","GOO","PGG",5,7
"682","GOO","PGG",6,6
"683","GOO","PGG",7,13
"684","GOO","PGG",9,3
"685","GOO","PGG",10,2
"686","GOO","PGG",11,13
"687","GOO","PGG",12,3
"688","GOO","PGG",13,6
"689","GOO","POO",0,8
"690","GOO","POO",1,7
"691","GOO","POO",2,5
"692","GOO","POO",3,3
"693","GOO","POO",4,7
"694","GOO","POO",5,4
"695","GOO","POO",6,14
"696","GOO","POO",7,11
"697","GOO","POO",8,2
"698","GOO","POO",9,9
"699","GOO","POO",10,2
"700","GOO","POO",11,15
"701","GOO","POO",12,8
"702","GOO","POO",13,5
"703","GOO","POP",3,2
"704","GOO","POP",6,1
"705","GOO","PPB",2,6
"706","GOO","PPB",3,10
"707","GOO","PPB",4,4
"708","GOO","PPB",5,2
"709","GOO","PPB",6,18
"710","GOO","PPB",7,33
"711","GOO","PPB",8,14
"712","GOO","PPB",9,20
"713","GOO","PPB",10,12
"714","GOO","PPB",11,23
"715","GOO","PPB",12,14
"716","GOO","PPB",13,14
"717","GOO","PPO",0,1
"718","GOO","PPO",1,8
"719","GOO","PPO",2,4
"720","GOO","PPO",3,3
"721","GOO","PPO",4,4
"722","GOO","PPO",5,5
"723","GOO","PPO",6,3
"724","GOO","PPO",7,1
"725","GOO","PPO",8,1
"726","GOO","PPO",9,1
"727","GOO","PPO",10,3
"728","GOO","PPO",11,7
"729","GOO","PPO",12,3
"730","GOO","PPO",13,1
"731","GOO","PPP",0,34
"732","GOO","PPP",1,29
"733","GOO","PPP",2,16
"734","GOO","PPP",3,21
"735","GOO","PPP",4,23
"736","GOO","PPP",5,13
"737","GOO","PPP",6,9
"738","GOO","PPP",7,16
"739","GOO","PPP",8,8
"740","GOO","PPP",9,3
"741","GOO","PPP",10,7
"742","GOO","PPP",11,30
"743","GOO","PPP",12,11
"744","GOO","PPP",13,17
"745","GOP","BBB",4,11
"746","GOP","BBB",5,6
"747","GOP","BBB",6,6
"748","GOP","BBB",7,1
"749","GOP","BBB",10,1
"750","GOP","BBB",11,1
"751","GOP","BBB",12,1
"752","GOP","BOB",0,21
"753","GOP","BOB",1,28
"754","GOP","BOB",2,4
"755","GOP","BOB",3,13
"756","GOP","BOB",4,12
"757","GOP","BOB",5,3
"758","GOP","BOB",6,1
"759","GOP","BOB",7,6
"760","GOP","BOB",8,5
"761","GOP","BOB",10,1
"762","GOP","BOB",11,12
"763","GOP","BOB",12,26
"764","GOP","BOB",13,2
"765","GOP","GGG",0,6
"766","GOP","GGG",1,6
"767","GOP","GGG",2,4
"768","GOP","GGG",3,11
"769","GOP","GGG",4,5
"770","GOP","GGG",5,5
"771","GOP","GGG",6,1
"772","GOP","GGG",7,5
"773","GOP","GGG",8,2
"774","GOP","GGG",9,3
"775","GOP","GGG",10,1
"776","GOP","GGG",11,5
"777","GOP","GGG",12,1
"778","GOP","GGG",13,4
"779","GOP","GGO",1,2
"780","GOP","GGO",9,1
"781","GOP","GGO",13,1
"782","GOP","GOO",0,2
"783","GOP","GOO",1,1
"784","GOP","GOO",8,1
"785","GOP","GOO",9,1
"786","GOP","GOO",11,1
"787","GOP","GPG",4,1
"788","GOP","GPG",9,1
"789","GOP","OBB",0,21
"790","GOP","OBB",1,15
"791","GOP","OBB",2,19
"792","GOP","OBB",3,35
"793","GOP","OBB",4,20
"794","GOP","OBB",5,14
"795","GOP","OBB",6,3
"796","GOP","OBB",7,12
"797","GOP","OBB",8,24
"798","GOP","OBB",9,2
"799","GOP","OBB",10,4
"800","GOP","OBB",11,15
"801","GOP","OBB",12,9
"802","GOP","OBB",13,1
"803","GOP","OGO",0,13
"804","GOP","OGO",1,12
"805","GOP","OGO",2,3
"806","GOP","OGO",3,12
"807","GOP","OGO",4,14
"808","GOP","OGO",5,3
"809","GOP","OGO",6,4
"810","GOP","OGO",7,10
"811","GOP","OGO",8,12
"812","GOP","OGO",9,4
"813","GOP","OGO",11,13
"814","GOP","OGO",12,5
"815","GOP","OGO",13,1
"816","GOP","OOO",0,2
"817","GOP","OOO",7,1
"818","GOP","OOP",0,3
"819","GOP","OOP",1,3
"820","GOP","OOP",4,2
"821","GOP","OOP",5,3
"822","GOP","OOP",7,1
"823","GOP","OOP",11,1
"824","GOP","OPP",1,1
"825","GOP","OPP",12,7
"826","GOP","OPP",13,1
"827","GOP","PBB",1,1
"828","GOP","PBB",3,1
"829","GOP","PBB",6,1
"830","GOP","PBB",11,1
"831","GOP","PBO",5,1
"832","GOP","PGG",0,9
"833","GOP","PGG",1,10
"834","GOP","PGG",2,7
"835","GOP","PGG",3,25
"836","GOP","PGG",4,6
"837","GOP","PGG",5,11
"838","GOP","PGG",6,5
"839","GOP","PGG",7,6
"840","GOP","PGG",8,4
"841","GOP","PGG",10,3
"842","GOP","PGG",11,8
"843","GOP","PGG",12,6
"844","GOP","PGG",13,2
"845","GOP","POO",0,2
"846","GOP","POO",1,1
"847","GOP","POO",3,2
"848","GOP","POO",7,2
"849","GOP","POO",12,1
"850","GOP","POP",0,30
"851","GOP","POP",1,4
"852","GOP","POP",2,1
"853","GOP","POP",3,14
"854","GOP","POP",4,13
"855","GOP","POP",5,10
"856","GOP","POP",6,1
"857","GOP","POP",7,7
"858","GOP","POP",8,2
"859","GOP","POP",9,2
"860","GOP","POP",10,4
"861","GOP","POP",11,3
"862","GOP","POP",12,16
"863","GOP","POP",13,3
"864","GOP","PPB",4,1
"865","GOP","PPB",5,1
"866","GOP","PPB",10,1
"867","GOP","PPB",11,3
"868","GOP","PPO",0,9
"869","GOP","PPO",1,5
"870","GOP","PPO",2,4
"871","GOP","PPO",3,22
"872","GOP","PPO",4,14
"873","GOP","PPO",5,5
"874","GOP","PPO",6,2
"875","GOP","PPO",7,7
"876","GOP","PPO",9,4
"877","GOP","PPO",10,4
"878","GOP","PPO",11,5
"879","GOP","PPP",1,1
"880","GOP","PPP",2,1
"881","GOP","PPP",3,1
"882","GPG","BBB",4,66
"883","GPG","BBB",5,35
"884","GPG","BBB",8,3
"885","GPG","BBB",9,2
"886","GPG","BBB",11,1
"887","GPG","BBB",12,1
"888","GPG","BOB",0,22
"889","GPG","BOB",1,32
"890","GPG","BOB",2,25
"891","GPG","BOB",3,25
"892","GPG","BOB",4,41
"893","GPG","BOB",5,39
"894","GPG","BOB",8,8
"895","GPG","BOB",9,30
"896","GPG","BOB",10,14
"897","GPG","BOB",11,56
"898","GPG","BOB",12,38
"899","GPG","BOB",13,29
"900","GPG","GGG",0,6
"901","GPG","GGG",1,11
"902","GPG","GGG",2,7
"903","GPG","GGG",3,7
"904","GPG","GGG",4,7
"905","GPG","GGG",5,1
"906","GPG","GGG",8,5
"907","GPG","GGG",9,5
"908","GPG","GGG",10,6
"909","GPG","GGG",11,6
"910","GPG","GGG",12,7
"911","GPG","GGG",13,3
"912","GPG","GGO",1,1
"913","GPG","GGO",8,2
"914","GPG","GGO",9,2
"915","GPG","GGO",10,1
"916","GPG","GGO",11,3
"917","GPG","GOO",0,18
"918","GPG","GOO",1,12
"919","GPG","GOO",2,20
"920","GPG","GOO",3,12
"921","GPG","GOO",4,22
"922","GPG","GOO",5,24
"923","GPG","GOO",8,19
"924","GPG","GOO",9,26
"925","GPG","GOO",10,6
"926","GPG","GOO",11,20
"927","GPG","GOO",12,15
"928","GPG","GOO",13,9
"929","GPG","GOP",0,12
"930","GPG","GOP",1,13
"931","GPG","GOP",2,7
"932","GPG","GOP",3,15
"933","GPG","GOP",4,22
"934","GPG","GOP",5,18
"935","GPG","GOP",8,12
"936","GPG","GOP",9,7
"937","GPG","GOP",10,2
"938","GPG","GOP",11,16
"939","GPG","GOP",12,15
"940","GPG","GOP",13,3
"941","GPG","OBB",0,26
"942","GPG","OBB",1,23
"943","GPG","OBB",2,16
"944","GPG","OBB",3,13
"945","GPG","OBB",4,27
"946","GPG","OBB",5,16
"947","GPG","OBB",8,37
"948","GPG","OBB",9,27
"949","GPG","OBB",10,9
"950","GPG","OBB",11,29
"951","GPG","OBB",12,17
"952","GPG","OBB",13,11
"953","GPG","OGO",0,16
"954","GPG","OGO",1,12
"955","GPG","OGO",2,14
"956","GPG","OGO",3,14
"957","GPG","OGO",4,21
"958","GPG","OGO",5,10
"959","GPG","OGO",8,26
"960","GPG","OGO",9,23
"961","GPG","OGO",10,7
"962","GPG","OGO",11,35
"963","GPG","OGO",12,15
"964","GPG","OGO",13,8
"965","GPG","OOO",0,1
"966","GPG","OOO",2,3
"967","GPG","OOO",9,1
"968","GPG","OOP",0,3
"969","GPG","OOP",1,2
"970","GPG","OOP",3,1
"971","GPG","OOP",4,2
"972","GPG","OOP",5,2
"973","GPG","OOP",8,1
"974","GPG","OOP",9,3
"975","GPG","OOP",13,1
"976","GPG","OPP",0,8
"977","GPG","OPP",1,12
"978","GPG","OPP",2,25
"979","GPG","OPP",3,23
"980","GPG","OPP",4,39
"981","GPG","OPP",5,26
"982","GPG","OPP",8,3
"983","GPG","OPP",12,22
"984","GPG","OPP",13,19
"985","GPG","PBB",0,1
"986","GPG","PBB",1,1
"987","GPG","PBB",2,1
"988","GPG","PBB",3,2
"989","GPG","PBB",4,1
"990","GPG","PBB",11,1
"991","GPG","PBO",0,14
"992","GPG","PBO",1,8
"993","GPG","PBO",2,8
"994","GPG","PBO",3,9
"995","GPG","PBO",4,19
"996","GPG","PBO",5,7
"997","GPG","PBO",8,26
"998","GPG","PBO",9,20
"999","GPG","PBO",10,4
"1000","GPG","PBO",11,25
"1001","GPG","PBO",12,12
"1002","GPG","PBO",13,10
"1003","GPG","PGG",0,29
"1004","GPG","PGG",1,28
"1005","GPG","PGG",2,21
"1006","GPG","PGG",3,21
"1007","GPG","PGG",4,14
"1008","GPG","PGG",5,24
"1009","GPG","PGG",8,17
"1010","GPG","PGG",9,9
"1011","GPG","PGG",10,4
"1012","GPG","PGG",11,17
"1013","GPG","PGG",12,17
"1014","GPG","PGG",13,10
"1015","GPG","POO",0,10
"1016","GPG","POO",1,17
"1017","GPG","POO",2,12
"1018","GPG","POO",3,11
"1019","GPG","POO",4,16
"1020","GPG","POO",5,8
"1021","GPG","POO",8,1
"1022","GPG","POO",9,18
"1023","GPG","POO",10,9
"1024","GPG","POO",11,27
"1025","GPG","POO",12,10
"1026","GPG","POO",13,14
"1027","GPG","POP",2,33
"1028","GPG","POP",3,38
"1029","GPG","POP",4,43
"1030","GPG","POP",5,27
"1031","GPG","POP",8,2
"1032","GPG","POP",9,6
"1033","GPG","POP",10,12
"1034","GPG","POP",11,34
"1035","GPG","POP",12,14
"1036","GPG","POP",13,21
"1037","GPG","PPB",2,1
"1038","GPG","PPB",3,6
"1039","GPG","PPB",4,16
"1040","GPG","PPB",5,2
"1041","GPG","PPB",8,4
"1042","GPG","PPB",9,2
"1043","GPG","PPB",10,7
"1044","GPG","PPB",11,39
"1045","GPG","PPB",12,10
"1046","GPG","PPB",13,26
"1047","GPG","PPO",0,12
"1048","GPG","PPO",1,22
"1049","GPG","PPO",2,15
"1050","GPG","PPO",3,7
"1051","GPG","PPO",4,11
"1052","GPG","PPO",5,17
"1053","GPG","PPO",8,6
"1054","GPG","PPO",9,7
"1055","GPG","PPO",10,8
"1056","GPG","PPO",11,7
"1057","GPG","PPO",12,6
"1058","GPG","PPO",13,11
"1059","GPG","PPP",0,7
"1060","GPG","PPP",1,8
"1061","GPG","PPP",2,10
"1062","GPG","PPP",3,12
"1063","GPG","PPP",4,15
"1064","GPG","PPP",5,10
"1065","GPG","PPP",8,7
"1066","GPG","PPP",9,6
"1067","GPG","PPP",10,7
"1068","GPG","PPP",11,18
"1069","GPG","PPP",12,12
"1070","GPG","PPP",13,9
"1071","OBB","BBB",4,49
"1072","OBB","BBB",5,13
"1073","OBB","BBB",6,27
"1074","OBB","BBB",7,6
"1075","OBB","BBB",8,12
"1076","OBB","BBB",9,28
"1077","OBB","BBB",10,4
"1078","OBB","BBB",11,16
"1079","OBB","BBB",12,9
"1080","OBB","BBB",13,3
"1081","OBB","BOB",0,4
"1082","OBB","BOB",1,11
"1083","OBB","BOB",2,11
"1084","OBB","BOB",3,9
"1085","OBB","BOB",4,4
"1086","OBB","BOB",5,6
"1087","OBB","BOB",6,6
"1088","OBB","BOB",7,6
"1089","OBB","BOB",8,7
"1090","OBB","BOB",9,1
"1091","OBB","BOB",10,6
"1092","OBB","BOB",11,7
"1093","OBB","BOB",12,7
"1094","OBB","BOB",13,8
"1095","OBB","GGG",0,2
"1096","OBB","GGG",1,2
"1097","OBB","GGG",2,1
"1098","OBB","GGG",3,10
"1099","OBB","GGG",4,2
"1100","OBB","GGG",5,3
"1101","OBB","GGG",6,4
"1102","OBB","GGG",7,3
"1103","OBB","GGG",8,2
"1104","OBB","GGG",9,1
"1105","OBB","GGG",10,1
"1106","OBB","GGG",11,3
"1107","OBB","GGG",12,2
"1108","OBB","GGG",13,3
"1109","OBB","GGO",0,3
"1110","OBB","GGO",2,1
"1111","OBB","GGO",6,2
"1112","OBB","GGO",7,3
"1113","OBB","GGO",8,1
"1114","OBB","GGO",11,2
"1115","OBB","GOO",2,1
"1116","OBB","GOO",3,2
"1117","OBB","GOO",4,1
"1118","OBB","GOO",5,1
"1119","OBB","GOO",6,1
"1120","OBB","GOO",10,1
"1121","OBB","GOO",11,1
"1122","OBB","GOO",12,2
"1123","OBB","GOP",2,4
"1124","OBB","GOP",3,2
"1125","OBB","GOP",4,1
"1126","OBB","GOP",7,1
"1127","OBB","GOP",10,1
"1128","OBB","GOP",11,1
"1129","OBB","GOP",12,1
"1130","OBB","GOP",13,1
"1131","OBB","GPG",5,1
"1132","OBB","GPG",8,3
"1133","OBB","GPG",9,2
"1134","OBB","GPG",12,2
"1135","OBB","OGO",4,1
"1136","OBB","OGO",13,1
"1137","OBB","OOO",0,12
"1138","OBB","OOO",1,10
"1139","OBB","OOO",2,10
"1140","OBB","OOO",3,11
"1141","OBB","OOO",4,15
"1142","OBB","OOO",5,12
"1143","OBB","OOO",6,12
"1144","OBB","OOO",7,16
"1145","OBB","OOO",8,22
"1146","OBB","OOO",9,18
"1147","OBB","OOO",10,5
"1148","OBB","OOO",11,11
"1149","OBB","OOO",12,9
"1150","OBB","OOO",13,8
"1151","OBB","OOP",2,3
"1152","OBB","OOP",3,4
"1153","OBB","OOP",4,10
"1154","OBB","OOP",5,4
"1155","OBB","OOP",6,7
"1156","OBB","OOP",7,46
"1157","OBB","OOP",8,8
"1158","OBB","OOP",9,3
"1159","OBB","OOP",11,2
"1160","OBB","OOP",12,4
"1161","OBB","OOP",13,2
"1162","OBB","OPP",0,3
"1163","OBB","OPP",1,6
"1164","OBB","OPP",2,8
"1165","OBB","OPP",3,11
"1166","OBB","OPP",4,4
"1167","OBB","OPP",5,6
"1168","OBB","OPP",6,3
"1169","OBB","OPP",7,4
"1170","OBB","OPP",8,5
"1171","OBB","OPP",9,3
"1172","OBB","OPP",12,9
"1173","OBB","OPP",13,3
"1174","OBB","PBB",0,11
"1175","OBB","PBB",1,2
"1176","OBB","PBB",2,9
"1177","OBB","PBB",3,8
"1178","OBB","PBB",4,9
"1179","OBB","PBB",5,2
"1180","OBB","PBB",6,3
"1181","OBB","PBB",8,8
"1182","OBB","PBB",9,2
"1183","OBB","PBB",10,1
"1184","OBB","PBB",11,9
"1185","OBB","PBB",12,8
"1186","OBB","PBB",13,2
"1187","OBB","PBO",4,1
"1188","OBB","PBO",7,1
"1189","OBB","PBO",11,1
"1190","OBB","PBO",12,1
"1191","OBB","PGG",0,17
"1192","OBB","PGG",1,10
"1193","OBB","PGG",2,5
"1194","OBB","PGG",3,5
"1195","OBB","PGG",4,11
"1196","OBB","PGG",5,2
"1197","OBB","PGG",6,8
"1198","OBB","PGG",7,1
"1199","OBB","PGG",9,2
"1200","OBB","PGG",10,1
"1201","OBB","PGG",11,12
"1202","OBB","PGG",12,2
"1203","OBB","PGG",13,6
"1204","OBB","POO",0,7
"1205","OBB","POO",1,10
"1206","OBB","POO",2,16
"1207","OBB","POO",3,14
"1208","OBB","POO",4,54
"1209","OBB","POO",5,8
"1210","OBB","POO",6,10
"1211","OBB","POO",7,2
"1212","OBB","POO",8,2
"1213","OBB","POO",9,10
"1214","OBB","POO",10,2
"1215","OBB","POO",11,7
"1216","OBB","POO",12,2
"1217","OBB","POO",13,2
"1218","OBB","POP",1,1
"1219","OBB","POP",2,16
"1220","OBB","POP",3,8
"1221","OBB","POP",4,6
"1222","OBB","POP",5,4
"1223","OBB","POP",6,4
"1224","OBB","POP",7,3
"1225","OBB","POP",8,3
"1226","OBB","POP",9,2
"1227","OBB","POP",10,8
"1228","OBB","POP",11,8
"1229","OBB","POP",12,7
"1230","OBB","POP",13,6
"1231","OBB","PPB",2,3
"1232","OBB","PPB",3,7
"1233","OBB","PPB",4,8
"1234","OBB","PPB",5,5
"1235","OBB","PPB",6,11
"1236","OBB","PPB",7,6
"1237","OBB","PPB",8,5
"1238","OBB","PPB",9,10
"1239","OBB","PPB",10,4
"1240","OBB","PPB",11,7
"1241","OBB","PPB",12,5
"1242","OBB","PPB",13,3
"1243","OBB","PPO",0,1
"1244","OBB","PPO",1,5
"1245","OBB","PPO",2,3
"1246","OBB","PPO",3,9
"1247","OBB","PPO",4,14
"1248","OBB","PPO",5,2
"1249","OBB","PPO",6,3
"1250","OBB","PPO",7,3
"1251","OBB","PPO",8,2
"1252","OBB","PPO",9,2
"1253","OBB","PPO",10,9
"1254","OBB","PPO",11,6
"1255","OBB","PPO",12,4
"1256","OBB","PPO",13,6
"1257","OBB","PPP",0,2
"1258","OBB","PPP",1,2
"1259","OBB","PPP",2,2
"1260","OBB","PPP",3,1
"1261","OBB","PPP",7,5
"1262","OBB","PPP",9,4
"1263","OBB","PPP",10,2
"1264","OBB","PPP",11,2
"1265","OBB","PPP",13,3
"1266","OGO","BBB",4,14
"1267","OGO","BBB",5,7
"1268","OGO","BBB",6,32
"1269","OGO","BBB",7,18
"1270","OGO","BBB",8,10
"1271","OGO","BBB",9,10
"1272","OGO","BBB",10,4
"1273","OGO","BBB",11,19
"1274","OGO","BBB",12,8
"1275","OGO","BOB",0,4
"1276","OGO","BOB",1,19
"1277","OGO","BOB",2,14
"1278","OGO","BOB",3,7
"1279","OGO","BOB",4,10
"1280","OGO","BOB",5,12
"1281","OGO","BOB",6,11
"1282","OGO","BOB",7,13
"1283","OGO","BOB",8,2
"1284","OGO","BOB",9,5
"1285","OGO","BOB",10,5
"1286","OGO","BOB",11,12
"1287","OGO","BOB",12,4
"1288","OGO","BOB",13,6
"1289","OGO","GGG",0,4
"1290","OGO","GGG",1,9
"1291","OGO","GGG",2,2
"1292","OGO","GGG",3,5
"1293","OGO","GGG",4,4
"1294","OGO","GGG",5,4
"1295","OGO","GGG",6,7
"1296","OGO","GGG",7,3
"1297","OGO","GGG",8,3
"1298","OGO","GGG",9,1
"1299","OGO","GGG",10,3
"1300","OGO","GGG",11,6
"1301","OGO","GGG",12,4
"1302","OGO","GGG",13,1
"1303","OGO","GGO",1,1
"1304","OGO","GGO",6,1
"1305","OGO","GGO",7,46
"1306","OGO","GOO",1,1
"1307","OGO","GOO",3,1
"1308","OGO","GOO",4,1
"1309","OGO","GOO",5,2
"1310","OGO","GOO",6,3
"1311","OGO","GOO",7,1
"1312","OGO","GOO",11,1
"1313","OGO","GOO",12,3
"1314","OGO","GOP",3,1
"1315","OGO","GOP",4,2
"1316","OGO","GOP",6,2
"1317","OGO","GOP",7,3
"1318","OGO","GOP",9,2
"1319","OGO","GOP",10,1
"1320","OGO","GPG",1,1
"1321","OGO","GPG",8,4
"1322","OGO","OBB",11,3
"1323","OGO","OOO",0,7
"1324","OGO","OOO",1,12
"1325","OGO","OOO",2,18
"1326","OGO","OOO",3,13
"1327","OGO","OOO",4,22
"1328","OGO","OOO",5,10
"1329","OGO","OOO",6,19
"1330","OGO","OOO",7,1
"1331","OGO","OOO",8,6
"1332","OGO","OOO",9,7
"1333","OGO","OOO",10,2
"1334","OGO","OOO",11,19
"1335","OGO","OOO",12,5
"1336","OGO","OOO",13,12
"1337","OGO","OOP",2,1
"1338","OGO","OOP",3,1
"1339","OGO","OOP",4,11
"1340","OGO","OOP",5,5
"1341","OGO","OOP",6,20
"1342","OGO","OOP",7,38
"1343","OGO","OOP",8,4
"1344","OGO","OOP",9,5
"1345","OGO","OOP",10,1
"1346","OGO","OOP",11,4
"1347","OGO","OOP",12,1
"1348","OGO","OOP",13,2
"1349","OGO","OPP",0,1
"1350","OGO","OPP",1,5
"1351","OGO","OPP",2,8
"1352","OGO","OPP",3,4
"1353","OGO","OPP",4,10
"1354","OGO","OPP",5,4
"1355","OGO","OPP",6,6
"1356","OGO","OPP",7,6
"1357","OGO","OPP",8,6
"1358","OGO","OPP",12,4
"1359","OGO","OPP",13,2
"1360","OGO","PBB",0,10
"1361","OGO","PBB",1,10
"1362","OGO","PBB",2,12
"1363","OGO","PBB",3,13
"1364","OGO","PBB",4,18
"1365","OGO","PBB",5,7
"1366","OGO","PBB",6,9
"1367","OGO","PBB",7,1
"1368","OGO","PBB",8,6
"1369","OGO","PBB",10,2
"1370","OGO","PBB",11,11
"1371","OGO","PBB",12,5
"1372","OGO","PBB",13,6
"1373","OGO","PBO",0,1
"1374","OGO","PBO",2,2
"1375","OGO","PBO",3,1
"1376","OGO","PBO",4,2
"1377","OGO","PBO",6,1
"1378","OGO","PBO",7,1
"1379","OGO","PBO",11,1
"1380","OGO","PBO",12,1
"1381","OGO","PGG",0,10
"1382","OGO","PGG",1,15
"1383","OGO","PGG",2,17
"1384","OGO","PGG",3,11
"1385","OGO","PGG",4,10
"1386","OGO","PGG",5,12
"1387","OGO","PGG",6,16
"1388","OGO","PGG",7,6
"1389","OGO","PGG",8,4
"1390","OGO","PGG",9,7
"1391","OGO","PGG",10,6
"1392","OGO","PGG",11,10
"1393","OGO","PGG",12,6
"1394","OGO","PGG",13,4
"1395","OGO","POO",0,5
"1396","OGO","POO",1,12
"1397","OGO","POO",2,22
"1398","OGO","POO",3,9
"1399","OGO","POO",4,21
"1400","OGO","POO",5,7
"1401","OGO","POO",6,17
"1402","OGO","POO",7,16
"1403","OGO","POO",8,4
"1404","OGO","POO",9,10
"1405","OGO","POO",10,3
"1406","OGO","POO",11,17
"1407","OGO","POO",12,8
"1408","OGO","POO",13,4
"1409","OGO","POP",1,1
"1410","OGO","POP",2,20
"1411","OGO","POP",3,7
"1412","OGO","POP",4,10
"1413","OGO","POP",5,4
"1414","OGO","POP",6,9
"1415","OGO","POP",7,5
"1416","OGO","POP",8,6
"1417","OGO","POP",9,4
"1418","OGO","POP",10,5
"1419","OGO","POP",11,3
"1420","OGO","POP",12,3
"1421","OGO","POP",13,1
"1422","OGO","PPB",2,8
"1423","OGO","PPB",3,5
"1424","OGO","PPB",4,12
"1425","OGO","PPB",5,7
"1426","OGO","PPB",6,19
"1427","OGO","PPB",7,10
"1428","OGO","PPB",8,11
"1429","OGO","PPB",9,14
"1430","OGO","PPB",10,11
"1431","OGO","PPB",11,15
"1432","OGO","PPB",12,12
"1433","OGO","PPB",13,3
"1434","OGO","PPO",0,8
"1435","OGO","PPO",1,17
"1436","OGO","PPO",2,9
"1437","OGO","PPO",3,5
"1438","OGO","PPO",4,9
"1439","OGO","PPO",5,6
"1440","OGO","PPO",6,14
"1441","OGO","PPO",7,1
"1442","OGO","PPO",8,3
"1443","OGO","PPO",10,5
"1444","OGO","PPO",11,11
"1445","OGO","PPO",12,5
"1446","OGO","PPO",13,7
"1447","OGO","PPP",1,2
"1448","OGO","PPP",2,2
"1449","OGO","PPP",3,1
"1450","OGO","PPP",7,4
"1451","OGO","PPP",8,1
"1452","OGO","PPP",9,1
"1453","OGO","PPP",10,1
"1454","OGO","PPP",11,1
"1455","OGO","PPP",13,3
"1456","OOO","BBB",4,22
"1457","OOO","BBB",5,9
"1458","OOO","BOB",0,1
"1459","OOO","BOB",2,73
"1460","OOO","BOB",3,18
"1461","OOO","BOB",4,18
"1462","OOO","BOB",5,15
"1463","OOO","BOB",6,3
"1464","OOO","BOB",7,5
"1465","OOO","BOB",9,1
"1466","OOO","BOB",11,1
"1467","OOO","BOB",13,1
"1468","OOO","GGG",0,2
"1469","OOO","GGG",1,2
"1470","OOO","GGG",2,6
"1471","OOO","GGG",3,5
"1472","OOO","GGG",4,7
"1473","OOO","GGG",6,9
"1474","OOO","GGG",7,1
"1475","OOO","GGG",8,3
"1476","OOO","GGG",9,8
"1477","OOO","GGG",10,2
"1478","OOO","GGG",11,4
"1479","OOO","GGG",12,4
"1480","OOO","GGG",13,3
"1481","OOO","GGO",0,10
"1482","OOO","GGO",1,17
"1483","OOO","GGO",2,31
"1484","OOO","GGO",3,22
"1485","OOO","GGO",4,17
"1486","OOO","GGO",5,8
"1487","OOO","GGO",6,22
"1488","OOO","GGO",7,15
"1489","OOO","GGO",8,16
"1490","OOO","GGO",9,24
"1491","OOO","GGO",10,5
"1492","OOO","GGO",11,18
"1493","OOO","GGO",12,18
"1494","OOO","GGO",13,8
"1495","OOO","GOO",0,4
"1496","OOO","GOO",1,4
"1497","OOO","GOO",2,11
"1498","OOO","GOO",3,5
"1499","OOO","GOO",4,9
"1500","OOO","GOO",5,3
"1501","OOO","GOO",6,14
"1502","OOO","GOO",7,45
"1503","OOO","GOO",8,4
"1504","OOO","GOO",9,22
"1505","OOO","GOO",10,5
"1506","OOO","GOO",11,7
"1507","OOO","GOO",12,10
"1508","OOO","GOO",13,4
"1509","OOO","GOP",0,12
"1510","OOO","GOP",1,8
"1511","OOO","GOP",2,9
"1512","OOO","GOP",3,8
"1513","OOO","GOP",4,9
"1514","OOO","GOP",5,4
"1515","OOO","GOP",6,10
"1516","OOO","GOP",7,3
"1517","OOO","GOP",8,1
"1518","OOO","GOP",9,5
"1519","OOO","GOP",11,7
"1520","OOO","GOP",12,7
"1521","OOO","GOP",13,2
"1522","OOO","GPG",0,6
"1523","OOO","GPG",1,14
"1524","OOO","GPG",2,22
"1525","OOO","GPG",3,11
"1526","OOO","GPG",4,12
"1527","OOO","GPG",5,6
"1528","OOO","GPG",8,27
"1529","OOO","GPG",9,14
"1530","OOO","GPG",10,17
"1531","OOO","GPG",11,25
"1532","OOO","GPG",12,17
"1533","OOO","GPG",13,11
"1534","OOO","OBB",0,1
"1535","OOO","OBB",1,2
"1536","OOO","OBB",2,1
"1537","OOO","OBB",3,1
"1538","OOO","OBB",4,1
"1539","OOO","OBB",6,1
"1540","OOO","OBB",7,1
"1541","OOO","OBB",8,3
"1542","OOO","OBB",9,1
"1543","OOO","OGO",1,1
"1544","OOO","OGO",2,2
"1545","OOO","OGO",3,2
"1546","OOO","OGO",4,3
"1547","OOO","OGO",5,4
"1548","OOO","OGO",6,2
"1549","OOO","OGO",7,27
"1550","OOO","OGO",8,9
"1551","OOO","OGO",9,8
"1552","OOO","OGO",11,2
"1553","OOO","OGO",12,1
"1554","OOO","OOP",0,8
"1555","OOO","OOP",1,10
"1556","OOO","OOP",2,23
"1557","OOO","OOP",3,16
"1558","OOO","OOP",4,19
"1559","OOO","OOP",5,6
"1560","OOO","OOP",6,22
"1561","OOO","OOP",7,15
"1562","OOO","OOP",8,24
"1563","OOO","OOP",9,9
"1564","OOO","OOP",10,6
"1565","OOO","OOP",11,25
"1566","OOO","OOP",12,13
"1567","OOO","OOP",13,7
"1568","OOO","OPP",2,1
"1569","OOO","OPP",12,7
"1570","OOO","OPP",13,11
"1571","OOO","PBB",1,1
"1572","OOO","PBB",11,1
"1573","OOO","PBO",1,9
"1574","OOO","PBO",2,8
"1575","OOO","PBO",3,5
"1576","OOO","PBO",4,3
"1577","OOO","PBO",5,2
"1578","OOO","PBO",6,17
"1579","OOO","PBO",7,31
"1580","OOO","PBO",8,6
"1581","OOO","PBO",9,13
"1582","OOO","PBO",10,3
"1583","OOO","PBO",11,7
"1584","OOO","PBO",12,6
"1585","OOO","PBO",13,4
"1586","OOO","PGG",0,6
"1587","OOO","PGG",1,2
"1588","OOO","PGG",2,5
"1589","OOO","PGG",3,4
"1590","OOO","PGG",4,6
"1591","OOO","PGG",5,6
"1592","OOO","PGG",6,8
"1593","OOO","PGG",7,8
"1594","OOO","PGG",8,6
"1595","OOO","PGG",9,8
"1596","OOO","PGG",10,3
"1597","OOO","PGG",11,13
"1598","OOO","PGG",12,8
"1599","OOO","PGG",13,8
"1600","OOO","POO",1,2
"1601","OOO","POO",2,1
"1602","OOO","POO",3,1
"1603","OOO","POO",4,1
"1604","OOO","POO",6,2
"1605","OOO","POO",7,1
"1606","OOO","POO",8,1
"1607","OOO","POO",9,2
"1608","OOO","POO",10,2
"1609","OOO","POO",12,1
"1610","OOO","POP",2,2
"1611","OOO","POP",4,4
"1612","OOO","POP",7,1
"1613","OOO","PPB",2,1
"1614","OOO","PPB",4,1
"1615","OOO","PPB",7,1
"1616","OOO","PPB",8,2
"1617","OOO","PPB",9,1
"1618","OOO","PPO",0,8
"1619","OOO","PPO",1,7
"1620","OOO","PPO",2,8
"1621","OOO","PPO",3,8
"1622","OOO","PPO",4,11
"1623","OOO","PPO",5,2
"1624","OOO","PPO",6,11
"1625","OOO","PPO",7,14
"1626","OOO","PPO",8,4
"1627","OOO","PPO",9,8
"1628","OOO","PPO",10,4
"1629","OOO","PPO",11,33
"1630","OOO","PPO",12,13
"1631","OOO","PPO",13,6
"1632","OOO","PPP",0,6
"1633","OOO","PPP",1,5
"1634","OOO","PPP",2,9
"1635","OOO","PPP",3,8
"1636","OOO","PPP",4,7
"1637","OOO","PPP",5,2
"1638","OOO","PPP",6,5
"1639","OOO","PPP",7,3
"1640","OOO","PPP",8,1
"1641","OOO","PPP",9,3
"1642","OOO","PPP",10,2
"1643","OOO","PPP",11,4
"1644","OOO","PPP",12,4
"1645","OOO","PPP",13,3
"1646","OOP","BBB",4,2
"1647","OOP","BBB",6,14
"1648","OOP","BBB",8,1
"1649","OOP","BOB",0,7
"1650","OOP","BOB",1,1
"1651","OOP","BOB",2,2
"1652","OOP","BOB",3,3
"1653","OOP","BOB",5,5
"1654","OOP","BOB",6,7
"1655","OOP","BOB",7,5
"1656","OOP","BOB",9,12
"1657","OOP","BOB",10,8
"1658","OOP","BOB",11,3
"1659","OOP","BOB",12,3
"1660","OOP","BOB",13,7
"1661","OOP","GGG",0,4
"1662","OOP","GGG",2,6
"1663","OOP","GGG",3,6
"1664","OOP","GGG",4,1
"1665","OOP","GGG",5,1
"1666","OOP","GGG",8,2
"1667","OOP","GGG",9,3
"1668","OOP","GGG",10,2
"1669","OOP","GGG",11,4
"1670","OOP","GGG",12,10
"1671","OOP","GGG",13,5
"1672","OOP","GGO",1,1
"1673","OOP","GGO",6,1
"1674","OOP","GGO",7,1
"1675","OOP","GGO",11,1
"1676","OOP","GOO",0,2
"1677","OOP","GOO",1,5
"1678","OOP","GOO",2,2
"1679","OOP","GOO",3,1
"1680","OOP","GOO",4,9
"1681","OOP","GOO",5,3
"1682","OOP","GOO",6,2
"1683","OOP","GOO",7,5
"1684","OOP","GOO",8,1
"1685","OOP","GOO",9,1
"1686","OOP","GOO",10,3
"1687","OOP","GOO",11,5
"1688","OOP","GOO",13,5
"1689","OOP","GOP",0,8
"1690","OOP","GOP",1,3
"1691","OOP","GOP",2,4
"1692","OOP","GOP",3,5
"1693","OOP","GOP",4,7
"1694","OOP","GOP",5,5
"1695","OOP","GOP",6,2
"1696","OOP","GOP",7,10
"1697","OOP","GOP",8,2
"1698","OOP","GOP",9,1
"1699","OOP","GOP",10,6
"1700","OOP","GOP",11,9
"1701","OOP","GOP",12,3
"1702","OOP","GOP",13,6
"1703","OOP","GPG",3,1
"1704","OOP","GPG",8,1
"1705","OOP","OBB",0,16
"1706","OOP","OBB",1,9
"1707","OOP","OBB",2,10
"1708","OOP","OBB",3,11
"1709","OOP","OBB",4,6
"1710","OOP","OBB",5,3
"1711","OOP","OBB",6,7
"1712","OOP","OBB",8,4
"1713","OOP","OBB",9,1
"1714","OOP","OBB",10,3
"1715","OOP","OBB",11,9
"1716","OOP","OBB",12,3
"1717","OOP","OBB",13,4
"1718","OOP","OGO",0,10
"1719","OOP","OGO",1,3
"1720","OOP","OGO",2,9
"1721","OOP","OGO",3,5
"1722","OOP","OGO",4,11
"1723","OOP","OGO",5,1
"1724","OOP","OGO",6,3
"1725","OOP","OGO",7,3
"1726","OOP","OGO",8,1
"1727","OOP","OGO",9,4
"1728","OOP","OGO",10,3
"1729","OOP","OGO",11,12
"1730","OOP","OGO",12,5
"1731","OOP","OGO",13,4
"1732","OOP","OOO",0,1
"1733","OOP","OOO",1,1
"1734","OOP","OOO",4,2
"1735","OOP","OPP",0,3
"1736","OOP","OPP",1,2
"1737","OOP","OPP",3,3
"1738","OOP","OPP",5,1
"1739","OOP","OPP",7,1
"1740","OOP","OPP",12,12
"1741","OOP","OPP",13,6
"1742","OOP","PBB",3,1
"1743","OOP","PBB",4,1
"1744","OOP","PBB",12,2
"1745","OOP","PBO",0,5
"1746","OOP","PBO",1,2
"1747","OOP","PBO",2,2
"1748","OOP","PBO",3,5
"1749","OOP","PBO",4,8
"1750","OOP","PBO",5,6
"1751","OOP","PBO",6,4
"1752","OOP","PBO",7,2
"1753","OOP","PBO",8,2
"1754","OOP","PBO",10,1
"1755","OOP","PBO",11,5
"1756","OOP","PBO",12,2
"1757","OOP","PBO",13,4
"1758","OOP","PGG",0,3
"1759","OOP","PGG",1,1
"1760","OOP","PGG",2,5
"1761","OOP","PGG",3,3
"1762","OOP","PGG",8,1
"1763","OOP","PGG",9,2
"1764","OOP","PGG",12,1
"1765","OOP","PGG",13,1
"1766","OOP","POO",0,7
"1767","OOP","POO",1,8
"1768","OOP","POO",2,7
"1769","OOP","POO",3,3
"1770","OOP","POO",4,2
"1771","OOP","POO",5,1
"1772","OOP","POO",6,8
"1773","OOP","POO",7,1
"1774","OOP","POO",9,1
"1775","OOP","POO",10,1
"1776","OOP","POO",11,2
"1777","OOP","POO",12,1
"1778","OOP","POP",3,1
"1779","OOP","POP",4,1
"1780","OOP","POP",6,2
"1781","OOP","POP",7,1
"1782","OOP","POP",10,2
"1783","OOP","POP",11,3
"1784","OOP","POP",13,1
"1785","OOP","PPB",2,4
"1786","OOP","PPB",3,2
"1787","OOP","PPB",4,3
"1788","OOP","PPB",6,9
"1789","OOP","PPO",0,9
"1790","OOP","PPO",1,4
"1791","OOP","PPO",2,3
"1792","OOP","PPO",3,1
"1793","OOP","PPO",4,1
"1794","OOP","PPO",5,1
"1795","OOP","PPO",7,2
"1796","OOP","PPO",9,2
"1797","OOP","PPO",12,2
"1798","OOP","PPO",13,1
"1799","OOP","PPP",0,11
"1800","OOP","PPP",1,6
"1801","OOP","PPP",2,4
"1802","OOP","PPP",3,5
"1803","OOP","PPP",4,13
"1804","OOP","PPP",6,2
"1805","OOP","PPP",7,6
"1806","OOP","PPP",9,4
"1807","OOP","PPP",11,9
"1808","OOP","PPP",12,3
"1809","OOP","PPP",13,7
"1810","OPP","BBB",4,150
"1811","OPP","BBB",5,149
"1812","OPP","BBB",6,139
"1813","OPP","BBB",7,79
"1814","OPP","BBB",8,135
"1815","OPP","BBB",9,18
"1816","OPP","BBB",12,3
"1817","OPP","BOB",2,1
"1818","OPP","BOB",5,3
"1819","OPP","BOB",8,1
"1820","OPP","BOB",9,1
"1821","OPP","BOB",12,1
"1822","OPP","GGG",0,7
"1823","OPP","GGG",1,2
"1824","OPP","GGG",2,21
"1825","OPP","GGG",3,2
"1826","OPP","GGG",4,8
"1827","OPP","GGG",5,5
"1828","OPP","GGG",6,4
"1829","OPP","GGG",7,4
"1830","OPP","GGG",8,5
"1831","OPP","GGG",9,4
"1832","OPP","GGO",2,2
"1833","OPP","GGO",4,1
"1834","OPP","GGO",7,2
"1835","OPP","GGO",8,11
"1836","OPP","GGO",9,18
"1837","OPP","GOO",0,17
"1838","OPP","GOO",1,7
"1839","OPP","GOO",2,8
"1840","OPP","GOO",3,8
"1841","OPP","GOO",4,2
"1842","OPP","GOO",6,3
"1843","OPP","GOO",7,1
"1844","OPP","GOO",8,3
"1845","OPP","GOO",9,2
"1846","OPP","GOP",0,8
"1847","OPP","GOP",1,11
"1848","OPP","GOP",2,3
"1849","OPP","GOP",3,4
"1850","OPP","GOP",4,8
"1851","OPP","GOP",5,3
"1852","OPP","GOP",6,2
"1853","OPP","GOP",7,3
"1854","OPP","GOP",8,4
"1855","OPP","GOP",9,2
"1856","OPP","GPG",2,1
"1857","OPP","GPG",8,16
"1858","OPP","GPG",9,8
"1859","OPP","GPG",12,2
"1860","OPP","OBB",1,1
"1861","OPP","OBB",3,1
"1862","OPP","OBB",5,2
"1863","OPP","OBB",6,1
"1864","OPP","OOO",0,4
"1865","OPP","OOO",1,11
"1866","OPP","OOO",2,12
"1867","OPP","OOO",3,4
"1868","OPP","OOO",4,5
"1869","OPP","OOO",5,7
"1870","OPP","OOO",6,6
"1871","OPP","OOO",7,6
"1872","OPP","OOO",8,5
"1873","OPP","OOO",9,8
"1874","OPP","OOP",0,1
"1875","OPP","OOP",2,4
"1876","OPP","OOP",3,1
"1877","OPP","OOP",4,10
"1878","OPP","OOP",5,4
"1879","OPP","OOP",6,10
"1880","OPP","OOP",7,7
"1881","OPP","OOP",8,13
"1882","OPP","OOP",9,9
"1883","OPP","OOP",12,2
"1884","OPP","PBB",0,4
"1885","OPP","PBB",1,9
"1886","OPP","PBB",2,16
"1887","OPP","PBB",3,3
"1888","OPP","PBB",4,9
"1889","OPP","PBB",5,12
"1890","OPP","PBB",6,1
"1891","OPP","PBB",7,6
"1892","OPP","PBB",8,3
"1893","OPP","PBB",9,2
"1894","OPP","PBB",12,1
"1895","OPP","PBO",0,11
"1896","OPP","PBO",1,7
"1897","OPP","PBO",2,5
"1898","OPP","PBO",3,7
"1899","OPP","PBO",4,4
"1900","OPP","PBO",5,2
"1901","OPP","PBO",6,2
"1902","OPP","PBO",7,4
"1903","OPP","PBO",8,3
"1904","OPP","PBO",9,5
"1905","OPP","PGG",0,4
"1906","OPP","PGG",1,13
"1907","OPP","PGG",2,29
"1908","OPP","PGG",3,14
"1909","OPP","PGG",4,23
"1910","OPP","PGG",5,12
"1911","OPP","PGG",6,4
"1912","OPP","PGG",7,10
"1913","OPP","PGG",8,8
"1914","OPP","PGG",9,8
"1915","OPP","POO",0,1
"1916","OPP","POO",1,2
"1917","OPP","POO",2,33
"1918","OPP","POO",3,11
"1919","OPP","POO",4,20
"1920","OPP","POO",5,8
"1921","OPP","POO",6,19
"1922","OPP","POO",7,15
"1923","OPP","POO",8,6
"1924","OPP","POO",9,8
"1925","OPP","POP",0,1
"1926","OPP","POP",1,1
"1927","OPP","POP",2,7
"1928","OPP","POP",3,1
"1929","OPP","POP",4,1
"1930","OPP","POP",5,1
"1931","OPP","POP",6,1
"1932","OPP","POP",8,1
"1933","OPP","PPB",2,3
"1934","OPP","PPB",3,7
"1935","OPP","PPB",4,12
"1936","OPP","PPB",5,22
"1937","OPP","PPB",6,31
"1938","OPP","PPB",7,21
"1939","OPP","PPB",8,34
"1940","OPP","PPB",9,10
"1941","OPP","PPO",0,2
"1942","OPP","PPO",1,8
"1943","OPP","PPO",2,19
"1944","OPP","PPO",3,1
"1945","OPP","PPO",4,16
"1946","OPP","PPO",5,8
"1947","OPP","PPO",6,8
"1948","OPP","PPO",7,16
"1949","OPP","PPO",8,5
"1950","OPP","PPO",9,6
"1951","OPP","PPP",0,6
"1952","OPP","PPP",1,6
"1953","OPP","PPP",2,7
"1954","OPP","PPP",3,6
"1955","OPP","PPP",4,8
"1956","OPP","PPP",5,4
"1957","OPP","PPP",6,5
"1958","OPP","PPP",7,6
"1959","OPP","PPP",8,1
"1960","OPP","PPP",9,1
"1961","OPP","PPP",12,1
"1962","PBB","BBB",4,31
"1963","PBB","BBB",5,2
"1964","PBB","BBB",7,1
"1965","PBB","BBB",9,1
"1966","PBB","BBB",11,1
"1967","PBB","BBB",13,1
"1968","PBB","BOB",0,1
"1969","PBB","BOB",2,19
"1970","PBB","BOB",3,12
"1971","PBB","BOB",4,25
"1972","PBB","BOB",5,3
"1973","PBB","BOB",7,1
"1974","PBB","BOB",11,1
"1975","PBB","BOB",12,1
"1976","PBB","BOB",13,3
"1977","PBB","GGG",0,1
"1978","PBB","GGG",1,7
"1979","PBB","GGG",2,11
"1980","PBB","GGG",3,4
"1981","PBB","GGG",4,7
"1982","PBB","GGG",8,3
"1983","PBB","GGG",11,4
"1984","PBB","GGG",12,7
"1985","PBB","GGG",13,5
"1986","PBB","GGO",0,15
"1987","PBB","GGO",1,18
"1988","PBB","GGO",2,31
"1989","PBB","GGO",3,13
"1990","PBB","GGO",4,19
"1991","PBB","GGO",5,8
"1992","PBB","GGO",6,4
"1993","PBB","GGO",7,3
"1994","PBB","GGO",8,24
"1995","PBB","GGO",10,4
"1996","PBB","GGO",11,31
"1997","PBB","GGO",12,20
"1998","PBB","GGO",13,13
"1999","PBB","GOO",0,5
"2000","PBB","GOO",1,7
"2001","PBB","GOO",2,6
"2002","PBB","GOO",3,5
"2003","PBB","GOO",4,6
"2004","PBB","GOO",5,2
"2005","PBB","GOO",6,1
"2006","PBB","GOO",7,1
"2007","PBB","GOO",8,7
"2008","PBB","GOO",10,1
"2009","PBB","GOO",11,7
"2010","PBB","GOO",12,7
"2011","PBB","GOO",13,4
"2012","PBB","GOP",0,8
"2013","PBB","GOP",1,6
"2014","PBB","GOP",2,6
"2015","PBB","GOP",3,14
"2016","PBB","GOP",4,8
"2017","PBB","GOP",5,1
"2018","PBB","GOP",6,1
"2019","PBB","GOP",7,3
"2020","PBB","GOP",8,2
"2021","PBB","GOP",10,1
"2022","PBB","GOP",11,5
"2023","PBB","GOP",12,6
"2024","PBB","GOP",13,4
"2025","PBB","GPG",0,10
"2026","PBB","GPG",1,11
"2027","PBB","GPG",2,29
"2028","PBB","GPG",3,7
"2029","PBB","GPG",4,19
"2030","PBB","GPG",5,3
"2031","PBB","GPG",8,24
"2032","PBB","GPG",9,4
"2033","PBB","GPG",10,1
"2034","PBB","GPG",11,14
"2035","PBB","GPG",12,21
"2036","PBB","GPG",13,14
"2037","PBB","OBB",2,1
"2038","PBB","OBB",7,1
"2039","PBB","OBB",9,2
"2040","PBB","OGO",0,1
"2041","PBB","OGO",1,1
"2042","PBB","OGO",2,3
"2043","PBB","OGO",4,2
"2044","PBB","OGO",8,1
"2045","PBB","OGO",12,1
"2046","PBB","OOO",2,2
"2047","PBB","OOO",8,1
"2048","PBB","OOO",11,1
"2049","PBB","OOP",0,16
"2050","PBB","OOP",1,21
"2051","PBB","OOP",2,25
"2052","PBB","OOP",3,13
"2053","PBB","OOP",4,24
"2054","PBB","OOP",5,4
"2055","PBB","OOP",6,4
"2056","PBB","OOP",7,4
"2057","PBB","OOP",8,23
"2058","PBB","OOP",9,3
"2059","PBB","OOP",10,4
"2060","PBB","OOP",11,26
"2061","PBB","OOP",12,18
"2062","PBB","OOP",13,17
"2063","PBB","OPP",4,2
"2064","PBB","OPP",12,7
"2065","PBB","OPP",13,11
"2066","PBB","PBO",0,3
"2067","PBB","PBO",1,5
"2068","PBB","PBO",2,2
"2069","PBB","PBO",3,7
"2070","PBB","PBO",4,1
"2071","PBB","PBO",5,1
"2072","PBB","PBO",7,8
"2073","PBB","PBO",8,5
"2074","PBB","PBO",9,1
"2075","PBB","PBO",11,10
"2076","PBB","PBO",12,8
"2077","PBB","PBO",13,6
"2078","PBB","PGG",0,22
"2079","PBB","PGG",1,13
"2080","PBB","PGG",2,14
"2081","PBB","PGG",3,4
"2082","PBB","PGG",4,17
"2083","PBB","PGG",5,4
"2084","PBB","PGG",7,6
"2085","PBB","PGG",8,6
"2086","PBB","PGG",9,1
"2087","PBB","PGG",10,1
"2088","PBB","PGG",11,9
"2089","PBB","PGG",12,10
"2090","PBB","PGG",13,7
"2091","PBB","POO",0,1
"2092","PBB","POO",1,1
"2093","PBB","POO",2,4
"2094","PBB","POO",3,2
"2095","PBB","POO",4,1
"2096","PBB","POO",12,1
"2097","PBB","POP",2,3
"2098","PBB","POP",4,3
"2099","PBB","POP",8,1
"2100","PBB","PPB",3,2
"2101","PBB","PPB",4,1
"2102","PBB","PPB",9,1
"2103","PBB","PPB",12,1
"2104","PBB","PPO",0,1
"2105","PBB","PPO",1,4
"2106","PBB","PPO",2,8
"2107","PBB","PPO",3,3
"2108","PBB","PPO",4,15
"2109","PBB","PPO",5,4
"2110","PBB","PPO",6,1
"2111","PBB","PPO",7,9
"2112","PBB","PPO",8,3
"2113","PBB","PPO",9,1
"2114","PBB","PPO",10,1
"2115","PBB","PPO",11,11
"2116","PBB","PPO",12,10
"2117","PBB","PPO",13,3
"2118","PBB","PPP",0,6
"2119","PBB","PPP",1,3
"2120","PBB","PPP",2,8
"2121","PBB","PPP",3,7
"2122","PBB","PPP",4,11
"2123","PBB","PPP",5,1
"2124","PBB","PPP",6,1
"2125","PBB","PPP",7,1
"2126","PBB","PPP",8,1
"2127","PBB","PPP",9,1
"2128","PBB","PPP",11,5
"2129","PBB","PPP",12,2
"2130","PBB","PPP",13,6
"2131","PBO","BBB",4,24
"2132","PBO","BBB",5,9
"2133","PBO","BBB",6,16
"2134","PBO","BBB",7,38
"2135","PBO","BBB",8,19
"2136","PBO","BBB",9,25
"2137","PBO","BBB",10,7
"2138","PBO","BBB",11,24
"2139","PBO","BBB",12,14
"2140","PBO","BBB",13,5
"2141","PBO","BOB",2,3
"2142","PBO","BOB",3,2
"2143","PBO","BOB",4,5
"2144","PBO","BOB",5,8
"2145","PBO","BOB",6,6
"2146","PBO","BOB",7,2
"2147","PBO","BOB",9,2
"2148","PBO","BOB",10,1
"2149","PBO","BOB",11,1
"2150","PBO","BOB",12,1
"2151","PBO","GGG",0,2
"2152","PBO","GGG",1,1
"2153","PBO","GGG",2,3
"2154","PBO","GGG",6,2
"2155","PBO","GGG",7,1
"2156","PBO","GGG",8,1
"2157","PBO","GGG",10,2
"2158","PBO","GGG",11,1
"2159","PBO","GGG",13,1
"2160","PBO","GGO",2,1
"2161","PBO","GGO",7,1
"2162","PBO","GOO",5,1
"2163","PBO","GOP",0,2
"2164","PBO","GOP",3,3
"2165","PBO","GOP",6,2
"2166","PBO","GOP",11,1
"2167","PBO","GOP",12,2
"2168","PBO","GOP",13,1
"2169","PBO","OBB",0,1
"2170","PBO","OBB",1,1
"2171","PBO","OBB",2,5
"2172","PBO","OBB",3,7
"2173","PBO","OBB",4,7
"2174","PBO","OBB",5,1
"2175","PBO","OBB",6,7
"2176","PBO","OBB",7,16
"2177","PBO","OBB",8,8
"2178","PBO","OBB",9,6
"2179","PBO","OBB",10,2
"2180","PBO","OBB",11,4
"2181","PBO","OBB",12,8
"2182","PBO","OBB",13,13
"2183","PBO","OGO",2,2
"2184","PBO","OGO",3,2
"2185","PBO","OGO",4,2
"2186","PBO","OGO",5,6
"2187","PBO","OGO",6,4
"2188","PBO","OGO",7,7
"2189","PBO","OGO",8,4
"2190","PBO","OGO",9,13
"2191","PBO","OGO",10,2
"2192","PBO","OGO",11,6
"2193","PBO","OGO",12,6
"2194","PBO","OGO",13,2
"2195","PBO","OOO",7,1
"2196","PBO","OOO",11,1
"2197","PBO","OOO",12,1
"2198","PBO","OOP",1,1
"2199","PBO","OOP",2,1
"2200","PBO","OOP",4,3
"2201","PBO","OOP",5,2
"2202","PBO","OPP",6,1
"2203","PBO","OPP",12,5
"2204","PBO","OPP",13,4
"2205","PBO","PBB",2,1
"2206","PBO","PBB",7,1
"2207","PBO","PBB",8,1
"2208","PBO","PGG",1,3
"2209","PBO","PGG",2,1
"2210","PBO","PGG",3,4
"2211","PBO","PGG",4,2
"2212","PBO","PGG",5,1
"2213","PBO","PGG",7,3
"2214","PBO","PGG",8,1
"2215","PBO","PGG",10,1
"2216","PBO","PGG",11,2
"2217","PBO","PGG",12,5
"2218","PBO","PGG",13,1
"2219","PBO","POO",0,6
"2220","PBO","POO",1,11
"2221","PBO","POO",2,7
"2222","PBO","POO",3,10
"2223","PBO","POO",4,8
"2224","PBO","POO",5,7
"2225","PBO","POO",6,19
"2226","PBO","POO",7,14
"2227","PBO","POO",8,8
"2228","PBO","POO",9,5
"2229","PBO","POO",10,4
"2230","PBO","POO",11,7
"2231","PBO","POO",12,10
"2232","PBO","POO",13,5
"2233","PBO","PPB",2,3
"2234","PBO","PPB",3,13
"2235","PBO","PPB",4,3
"2236","PBO","PPB",5,6
"2237","PBO","PPB",6,11
"2238","PBO","PPB",7,28
"2239","PBO","PPB",8,12
"2240","PBO","PPB",9,7
"2241","PBO","PPB",10,8
"2242","PBO","PPB",11,9
"2243","PBO","PPB",12,9
"2244","PBO","PPB",13,9
"2245","PBO","PPO",0,1
"2246","PBO","PPO",1,1
"2247","PBO","PPO",2,3
"2248","PBO","PPO",4,1
"2249","PBO","PPO",5,1
"2250","PBO","PPO",7,5
"2251","PBO","PPO",9,1
"2252","PBO","PPO",10,1
"2253","PBO","PPO",13,1
"2254","PBO","PPP",0,4
"2255","PBO","PPP",1,3
"2256","PBO","PPP",2,1
"2257","PBO","PPP",3,7
"2258","PBO","PPP",4,3
"2259","PBO","PPP",5,1
"2260","PBO","PPP",6,3
"2261","PBO","PPP",7,2
"2262","PBO","PPP",9,1
"2263","PBO","PPP",12,5
"2264","PBO","PPP",13,2
"2265","PGG","BBB",4,38
"2266","PGG","BBB",5,28
"2267","PGG","BBB",6,13
"2268","PGG","BBB",7,2
"2269","PGG","BOB",1,1
"2270","PGG","BOB",2,61
"2271","PGG","BOB",3,29
"2272","PGG","BOB",4,40
"2273","PGG","BOB",5,14
"2274","PGG","BOB",6,33
"2275","PGG","BOB",7,9
"2276","PGG","BOB",8,25
"2277","PGG","BOB",9,27
"2278","PGG","BOB",10,12
"2279","PGG","BOB",11,15
"2280","PGG","BOB",12,5
"2281","PGG","BOB",13,1
"2282","PGG","GGG",1,4
"2283","PGG","GGG",2,8
"2284","PGG","GGG",3,2
"2285","PGG","GGG",4,2
"2286","PGG","GGG",5,1
"2287","PGG","GGG",7,1
"2288","PGG","GGG",8,1
"2289","PGG","GGG",12,4
"2290","PGG","GGO",0,1
"2291","PGG","GGO",4,1
"2292","PGG","GGO",6,2
"2293","PGG","GGO",8,2
"2294","PGG","GGO",9,1
"2295","PGG","GOO",0,5
"2296","PGG","GOO",2,1
"2297","PGG","GOO",3,1
"2298","PGG","GOO",6,1
"2299","PGG","GOO",11,1
"2300","PGG","GOP",0,2
"2301","PGG","GOP",3,1
"2302","PGG","GOP",5,1
"2303","PGG","GOP",6,2
"2304","PGG","GOP",7,1
"2305","PGG","GOP",8,1
"2306","PGG","GPG",2,1
"2307","PGG","GPG",9,1
"2308","PGG","GPG",11,1
"2309","PGG","OBB",4,1
"2310","PGG","OBB",11,1
"2311","PGG","OGO",0,2
"2312","PGG","OGO",2,1
"2313","PGG","OGO",3,3
"2314","PGG","OGO",4,1
"2315","PGG","OOO",0,3
"2316","PGG","OOO",3,2
"2317","PGG","OOO",4,1
"2318","PGG","OOO",5,1
"2319","PGG","OOO",7,2
"2320","PGG","OOO",9,1
"2321","PGG","OOP",0,4
"2322","PGG","OOP",1,13
"2323","PGG","OOP",2,24
"2324","PGG","OOP",3,9
"2325","PGG","OOP",4,14
"2326","PGG","OOP",5,4
"2327","PGG","OOP",6,13
"2328","PGG","OOP",7,14
"2329","PGG","OOP",8,3
"2330","PGG","OOP",9,4
"2331","PGG","OOP",10,8
"2332","PGG","OOP",11,15
"2333","PGG","OOP",12,5
"2334","PGG","OOP",13,4
"2335","PGG","OPP",0,3
"2336","PGG","OPP",12,70
"2337","PGG","OPP",13,53
"2338","PGG","PBB",0,3
"2339","PGG","PBB",6,3
"2340","PGG","PBB",7,2
"2341","PGG","PBB",8,2
"2342","PGG","PBB",9,5
"2343","PGG","PBB",10,3
"2344","PGG","PBB",11,10
"2345","PGG","PBB",12,4
"2346","PGG","PBO",0,4
"2347","PGG","PBO",2,3
"2348","PGG","PBO",6,1
"2349","PGG","POO",10,1
"2350","PGG","POO",11,2
"2351","PGG","POO",13,2
"2352","PGG","POP",0,1
"2353","PGG","POP",1,1
"2354","PGG","POP",8,1
"2355","PGG","PPB",4,1
"2356","PGG","PPB",10,1
"2357","PGG","PPO",0,9
"2358","PGG","PPO",1,2
"2359","PGG","PPO",2,3
"2360","PGG","PPO",3,1
"2361","PGG","PPO",4,1
"2362","PGG","PPO",5,2
"2363","PGG","PPO",6,1
"2364","PGG","PPO",12,1
"2365","PGG","PPO",13,1
"2366","PGG","PPP",0,10
"2367","PGG","PPP",1,3
"2368","PGG","PPP",2,10
"2369","PGG","PPP",3,16
"2370","PGG","PPP",4,12
"2371","PGG","PPP",5,17
"2372","PGG","PPP",6,11
"2373","PGG","PPP",7,2
"2374","PGG","PPP",8,5
"2375","PGG","PPP",9,3
"2376","PGG","PPP",10,9
"2377","PGG","PPP",11,10
"2378","PGG","PPP",12,16
"2379","PGG","PPP",13,8
"2380","POO","BBB",4,235
"2381","POO","BBB",5,138
"2382","POO","BBB",6,26
"2383","POO","BBB",7,1
"2384","POO","BOB",0,82
"2385","POO","BOB",1,66
"2386","POO","BOB",2,25
"2387","POO","BOB",3,8
"2388","POO","BOB",4,11
"2389","POO","BOB",5,1
"2390","POO","BOB",7,1
"2391","POO","BOB",8,4
"2392","POO","BOB",11,1
"2393","POO","GGG",0,7
"2394","POO","GGG",1,11
"2395","POO","GGG",2,5
"2396","POO","GGG",3,14
"2397","POO","GGG",4,14
"2398","POO","GGG",5,7
"2399","POO","GGG",6,7
"2400","POO","GGG",7,6
"2401","POO","GGG",8,10
"2402","POO","GGG",9,19
"2403","POO","GGG",10,5
"2404","POO","GGG",11,11
"2405","POO","GGG",12,6
"2406","POO","GGG",13,3
"2407","POO","GGO",0,3
"2408","POO","GGO",3,1
"2409","POO","GGO",5,1
"2410","POO","GGO",8,23
"2411","POO","GGO",9,14
"2412","POO","GGO",10,4
"2413","POO","GOO",5,1
"2414","POO","GOO",6,1
"2415","POO","GOO",12,1
"2416","POO","GOP",0,18
"2417","POO","GOP",1,6
"2418","POO","GOP",2,8
"2419","POO","GOP",3,16
"2420","POO","GOP",4,8
"2421","POO","GOP",5,11
"2422","POO","GOP",6,12
"2423","POO","GOP",7,24
"2424","POO","GOP",8,11
"2425","POO","GOP",9,5
"2426","POO","GOP",10,5
"2427","POO","GOP",11,5
"2428","POO","GOP",12,15
"2429","POO","GOP",13,3
"2430","POO","GPG",0,1
"2431","POO","GPG",1,1
"2432","POO","GPG",4,1
"2433","POO","GPG",8,20
"2434","POO","OBB",0,2
"2435","POO","OBB",1,1
"2436","POO","OBB",2,1
"2437","POO","OBB",5,1
"2438","POO","OBB",9,1
"2439","POO","OBB",12,1
"2440","POO","OBB",13,1
"2441","POO","OGO",0,1
"2442","POO","OGO",1,3
"2443","POO","OGO",7,1
"2444","POO","OGO",8,2
"2445","POO","OGO",9,2
"2446","POO","OGO",10,1
"2447","POO","OOO",0,11
"2448","POO","OOO",1,7
"2449","POO","OOO",2,17
"2450","POO","OOO",3,17
"2451","POO","OOO",4,14
"2452","POO","OOO",5,7
"2453","POO","OOO",6,6
"2454","POO","OOO",7,4
"2455","POO","OOO",8,9
"2456","POO","OOO",9,36
"2457","POO","OOO",10,11
"2458","POO","OOO",11,17
"2459","POO","OOO",12,9
"2460","POO","OOO",13,10
"2461","POO","OOP",0,1
"2462","POO","OOP",1,1
"2463","POO","OOP",2,4
"2464","POO","OOP",3,5
"2465","POO","OOP",4,24
"2466","POO","OOP",5,3
"2467","POO","OOP",6,15
"2468","POO","OOP",7,27
"2469","POO","OOP",8,21
"2470","POO","OOP",9,14
"2471","POO","OOP",10,10
"2472","POO","OOP",11,11
"2473","POO","OOP",12,8
"2474","POO","OPP",0,45
"2475","POO","OPP",1,34
"2476","POO","OPP",3,1
"2477","POO","OPP",4,1
"2478","POO","OPP",8,1
"2479","POO","OPP",12,70
"2480","POO","OPP",13,35
"2481","POO","PBB",0,11
"2482","POO","PBB",1,11
"2483","POO","PBB",2,8
"2484","POO","PBB",3,15
"2485","POO","PBB",4,11
"2486","POO","PBB",5,6
"2487","POO","PBB",6,5
"2488","POO","PBB",7,8
"2489","POO","PBB",8,5
"2490","POO","PBB",9,7
"2491","POO","PBB",10,7
"2492","POO","PBB",11,19
"2493","POO","PBB",12,6
"2494","POO","PBB",13,12
"2495","POO","PBO",4,1
"2496","POO","PBO",5,3
"2497","POO","PBO",11,1
"2498","POO","PBO",13,1
"2499","POO","PGG",0,21
"2500","POO","PGG",1,10
"2501","POO","PGG",2,10
"2502","POO","PGG",3,22
"2503","POO","PGG",4,6
"2504","POO","PGG",5,11
"2505","POO","PGG",6,5
"2506","POO","PGG",7,9
"2507","POO","PGG",8,5
"2508","POO","PGG",9,19
"2509","POO","PGG",10,13
"2510","POO","PGG",11,20
"2511","POO","PGG",12,17
"2512","POO","PGG",13,5
"2513","POO","POP",3,2
"2514","POO","PPB",2,1
"2515","POO","PPB",3,1
"2516","POO","PPB",4,2
"2517","POO","PPB",5,2
"2518","POO","PPB",7,1
"2519","POO","PPB",8,2
"2520","POO","PPB",9,3
"2521","POO","PPB",13,1
"2522","POO","PPO",0,10
"2523","POO","PPO",1,10
"2524","POO","PPO",2,8
"2525","POO","PPO",3,10
"2526","POO","PPO",4,12
"2527","POO","PPO",5,7
"2528","POO","PPO",6,5
"2529","POO","PPO",7,8
"2530","POO","PPO",8,9
"2531","POO","PPO",9,11
"2532","POO","PPO",10,6
"2533","POO","PPO",11,17
"2534","POO","PPO",12,23
"2535","POO","PPO",13,4
"2536","POO","PPP",0,11
"2537","POO","PPP",1,7
"2538","POO","PPP",2,9
"2539","POO","PPP",3,7
"2540","POO","PPP",4,7
"2541","POO","PPP",5,10
"2542","POO","PPP",6,13
"2543","POO","PPP",7,18
"2544","POO","PPP",8,10
"2545","POO","PPP",9,4
"2546","POO","PPP",10,6
"2547","POO","PPP",11,11
"2548","POO","PPP",12,11
"2549","POO","PPP",13,3
"2550","POP","BBB",4,26
"2551","POP","BBB",5,6
"2552","POP","BBB",6,25
"2553","POP","BBB",7,12
"2554","POP","BBB",8,11
"2555","POP","BBB",9,17
"2556","POP","BBB",10,23
"2557","POP","BBB",11,37
"2558","POP","BBB",12,22
"2559","POP","BBB",13,11
"2560","POP","BOB",0,24
"2561","POP","BOB",1,28
"2562","POP","BOB",2,20
"2563","POP","BOB",3,1
"2564","POP","BOB",5,1
"2565","POP","BOB",6,1
"2566","POP","BOB",8,1
"2567","POP","BOB",12,2
"2568","POP","GGG",0,1
"2569","POP","GGG",1,5
"2570","POP","GGG",2,34
"2571","POP","GGG",3,1
"2572","POP","GGG",4,10
"2573","POP","GGG",5,3
"2574","POP","GGG",6,12
"2575","POP","GGG",7,8
"2576","POP","GGG",8,4
"2577","POP","GGG",9,2
"2578","POP","GGG",10,2
"2579","POP","GGG",11,4
"2580","POP","GGG",12,6
"2581","POP","GGG",13,1
"2582","POP","GGO",0,5
"2583","POP","GGO",1,5
"2584","POP","GGO",2,10
"2585","POP","GGO",6,1
"2586","POP","GGO",8,16
"2587","POP","GGO",9,22
"2588","POP","GGO",13,1
"2589","POP","GOO",0,8
"2590","POP","GOO",1,11
"2591","POP","GOO",2,13
"2592","POP","GOO",3,19
"2593","POP","GOO",4,18
"2594","POP","GOO",5,10
"2595","POP","GOO",6,5
"2596","POP","GOO",7,6
"2597","POP","GOO",8,9
"2598","POP","GOO",9,6
"2599","POP","GOO",10,4
"2600","POP","GOO",11,8
"2601","POP","GOO",12,13
"2602","POP","GOO",13,4
"2603","POP","GOP",0,4
"2604","POP","GOP",1,11
"2605","POP","GOP",2,1
"2606","POP","GOP",3,5
"2607","POP","GOP",4,4
"2608","POP","GOP",5,1
"2609","POP","GOP",6,1
"2610","POP","GOP",7,1
"2611","POP","GOP",10,2
"2612","POP","GOP",11,3
"2613","POP","GOP",13,1
"2614","POP","GPG",0,6
"2615","POP","GPG",1,7
"2616","POP","GPG",2,2
"2617","POP","GPG",8,11
"2618","POP","GPG",9,11
"2619","POP","OBB",0,12
"2620","POP","OBB",1,19
"2621","POP","OBB",2,2
"2622","POP","OBB",3,1
"2623","POP","OBB",4,1
"2624","POP","OBB",7,1
"2625","POP","OGO",0,10
"2626","POP","OGO",1,3
"2627","POP","OGO",4,1
"2628","POP","OGO",5,1
"2629","POP","OGO",9,1
"2630","POP","OGO",12,1
"2631","POP","OOO",0,15
"2632","POP","OOO",1,11
"2633","POP","OOO",2,10
"2634","POP","OOO",3,13
"2635","POP","OOO",4,9
"2636","POP","OOO",5,3
"2637","POP","OOO",6,4
"2638","POP","OOO",7,6
"2639","POP","OOO",8,9
"2640","POP","OOO",9,9
"2641","POP","OOO",10,4
"2642","POP","OOO",11,8
"2643","POP","OOO",12,6
"2644","POP","OOO",13,7
"2645","POP","OOP",0,9
"2646","POP","OOP",1,7
"2647","POP","OOP",2,8
"2648","POP","OOP",3,8
"2649","POP","OOP",4,7
"2650","POP","OOP",5,7
"2651","POP","OOP",6,2
"2652","POP","OOP",7,7
"2653","POP","OOP",8,2
"2654","POP","OOP",9,12
"2655","POP","OOP",10,4
"2656","POP","OOP",11,3
"2657","POP","OOP",12,2
"2658","POP","OOP",13,2
"2659","POP","OPP",0,20
"2660","POP","OPP",1,5
"2661","POP","OPP",2,3
"2662","POP","OPP",3,1
"2663","POP","OPP",4,1
"2664","POP","OPP",8,1
"2665","POP","OPP",12,8
"2666","POP","OPP",13,1
"2667","POP","PBB",0,7
"2668","POP","PBB",1,7
"2669","POP","PBB",2,3
"2670","POP","PBB",3,4
"2671","POP","PBB",4,7
"2672","POP","PBB",5,5
"2673","POP","PBB",6,5
"2674","POP","PBB",7,3
"2675","POP","PBB",8,4
"2676","POP","PBB",9,3
"2677","POP","PBB",10,1
"2678","POP","PBB",11,6
"2679","POP","PBB",12,4
"2680","POP","PBO",0,10
"2681","POP","PBO",1,12
"2682","POP","PBO",2,17
"2683","POP","PBO",3,18
"2684","POP","PBO",4,8
"2685","POP","PBO",5,8
"2686","POP","PBO",6,6
"2687","POP","PBO",7,1
"2688","POP","PBO",8,6
"2689","POP","PBO",9,8
"2690","POP","PBO",10,4
"2691","POP","PBO",11,19
"2692","POP","PBO",12,17
"2693","POP","PBO",13,4
"2694","POP","PGG",0,6
"2695","POP","PGG",1,12
"2696","POP","PGG",2,69
"2697","POP","PGG",3,7
"2698","POP","PGG",4,27
"2699","POP","PGG",5,5
"2700","POP","PGG",6,21
"2701","POP","PGG",7,11
"2702","POP","PGG",8,1
"2703","POP","PGG",9,5
"2704","POP","PGG",10,6
"2705","POP","PGG",11,6
"2706","POP","PGG",12,2
"2707","POP","PGG",13,9
"2708","POP","POO",0,40
"2709","POP","POO",1,32
"2710","POP","POO",2,22
"2711","POP","POO",3,22
"2712","POP","POO",4,38
"2713","POP","POO",5,33
"2714","POP","POO",6,28
"2715","POP","POO",7,20
"2716","POP","POO",8,6
"2717","POP","POO",9,13
"2718","POP","POO",10,10
"2719","POP","POO",11,14
"2720","POP","POO",12,6
"2721","POP","POO",13,10
"2722","POP","PPB",2,17
"2723","POP","PPB",3,21
"2724","POP","PPB",4,32
"2725","POP","PPB",5,104
"2726","POP","PPB",6,72
"2727","POP","PPB",7,55
"2728","POP","PPB",8,80
"2729","POP","PPB",9,24
"2730","POP","PPB",10,41
"2731","POP","PPB",11,36
"2732","POP","PPB",12,20
"2733","POP","PPB",13,29
"2734","POP","PPO",0,2
"2735","POP","PPO",1,5
"2736","POP","PPO",2,62
"2737","POP","PPO",3,5
"2738","POP","PPO",4,18
"2739","POP","PPO",5,3
"2740","POP","PPO",6,22
"2741","POP","PPO",7,15
"2742","POP","PPO",8,4
"2743","POP","PPO",9,5
"2744","POP","PPO",10,7
"2745","POP","PPO",11,13
"2746","POP","PPO",12,4
"2747","POP","PPO",13,7
"2748","POP","PPP",0,10
"2749","POP","PPP",1,3
"2750","POP","PPP",2,10
"2751","POP","PPP",3,2
"2752","POP","PPP",4,4
"2753","POP","PPP",6,4
"2754","POP","PPP",9,3
"2755","POP","PPP",11,1
"2756","POP","PPP",12,2
"2757","PPB","BBB",4,22
"2758","PPB","BBB",5,1
"2759","PPB","BBB",11,1
"2760","PPB","BOB",3,1
"2761","PPB","BOB",4,2
"2762","PPB","BOB",5,3
"2763","PPB","BOB",6,1
"2764","PPB","BOB",7,1
"2765","PPB","BOB",9,1
"2766","PPB","BOB",11,1
"2767","PPB","GGG",2,5
"2768","PPB","GGG",3,12
"2769","PPB","GGG",4,7
"2770","PPB","GGG",5,5
"2771","PPB","GGG",6,8
"2772","PPB","GGG",7,9
"2773","PPB","GGG",8,9
"2774","PPB","GGG",9,19
"2775","PPB","GGG",10,7
"2776","PPB","GGG",11,14
"2777","PPB","GGG",12,15
"2778","PPB","GGG",13,3
"2779","PPB","GGO",5,1
"2780","PPB","GGO",7,33
"2781","PPB","GGO",8,21
"2782","PPB","GGO",9,26
"2783","PPB","GGO",10,16
"2784","PPB","GGO",11,3
"2785","PPB","GGO",12,4
"2786","PPB","GOO",7,2
"2787","PPB","GOO",9,1
"2788","PPB","GOO",11,1
"2789","PPB","GOO",12,1
"2790","PPB","GOP",2,2
"2791","PPB","GOP",3,9
"2792","PPB","GOP",4,1
"2793","PPB","GOP",5,8
"2794","PPB","GOP",6,9
"2795","PPB","GOP",7,21
"2796","PPB","GOP",8,12
"2797","PPB","GOP",9,9
"2798","PPB","GOP",10,7
"2799","PPB","GOP",11,7
"2800","PPB","GOP",12,8
"2801","PPB","GOP",13,4
"2802","PPB","GPG",4,1
"2803","PPB","GPG",8,29
"2804","PPB","GPG",9,22
"2805","PPB","GPG",10,1
"2806","PPB","OBB",9,1
"2807","PPB","OGO",4,1
"2808","PPB","OGO",5,1
"2809","PPB","OGO",10,1
"2810","PPB","OGO",11,1
"2811","PPB","OGO",13,1
"2812","PPB","OOO",2,13
"2813","PPB","OOO",3,10
"2814","PPB","OOO",4,10
"2815","PPB","OOO",5,8
"2816","PPB","OOO",6,6
"2817","PPB","OOO",7,21
"2818","PPB","OOO",8,5
"2819","PPB","OOO",9,15
"2820","PPB","OOO",10,4
"2821","PPB","OOO",11,18
"2822","PPB","OOO",12,6
"2823","PPB","OOO",13,13
"2824","PPB","OOP",2,5
"2825","PPB","OOP",3,2
"2826","PPB","OOP",4,96
"2827","PPB","OOP",5,31
"2828","PPB","OOP",6,15
"2829","PPB","OOP",7,24
"2830","PPB","OOP",8,17
"2831","PPB","OOP",9,26
"2832","PPB","OOP",10,9
"2833","PPB","OOP",11,11
"2834","PPB","OOP",12,4
"2835","PPB","OOP",13,5
"2836","PPB","OPP",3,1
"2837","PPB","OPP",8,1
"2838","PPB","OPP",12,16
"2839","PPB","OPP",13,2
"2840","PPB","PBB",2,8
"2841","PPB","PBB",3,13
"2842","PPB","PBB",4,15
"2843","PPB","PBB",5,3
"2844","PPB","PBB",6,6
"2845","PPB","PBB",7,21
"2846","PPB","PBB",8,13
"2847","PPB","PBB",9,9
"2848","PPB","PBB",10,3
"2849","PPB","PBB",11,30
"2850","PPB","PBB",12,10
"2851","PPB","PBB",13,19
"2852","PPB","PBO",7,1
"2853","PPB","PBO",8,1
"2854","PPB","PBO",11,1
"2855","PPB","PBO",12,1
"2856","PPB","PBO",13,1
"2857","PPB","PGG",2,5
"2858","PPB","PGG",3,17
"2859","PPB","PGG",4,7
"2860","PPB","PGG",5,16
"2861","PPB","PGG",6,7
"2862","PPB","PGG",7,10
"2863","PPB","PGG",8,7
"2864","PPB","PGG",9,15
"2865","PPB","PGG",10,5
"2866","PPB","PGG",11,21
"2867","PPB","PGG",12,13
"2868","PPB","PGG",13,7
"2869","PPB","POO",5,3
"2870","PPB","POO",6,6
"2871","PPB","POO",7,9
"2872","PPB","POO",8,1
"2873","PPB","POO",9,8
"2874","PPB","POO",10,2
"2875","PPB","POO",11,4
"2876","PPB","POO",12,2
"2877","PPB","POO",13,2
"2878","PPB","POP",4,1
"2879","PPB","PPO",2,6
"2880","PPB","PPO",3,12
"2881","PPB","PPO",4,5
"2882","PPB","PPO",5,10
"2883","PPB","PPO",6,2
"2884","PPB","PPO",7,9
"2885","PPB","PPO",8,8
"2886","PPB","PPO",9,13
"2887","PPB","PPO",10,6
"2888","PPB","PPO",11,10
"2889","PPB","PPO",12,11
"2890","PPB","PPO",13,5
"2891","PPB","PPP",2,3
"2892","PPB","PPP",3,11
"2893","PPB","PPP",4,3
"2894","PPB","PPP",5,9
"2895","PPB","PPP",6,3
"2896","PPB","PPP",7,10
"2897","PPB","PPP",8,12
"2898","PPB","PPP",9,8
"2899","PPB","PPP",10,3
"2900","PPB","PPP",11,8
"2901","PPB","PPP",12,15
"2902","PPB","PPP",13,4
"2903","PPO","BBB",4,11
"2904","PPO","BBB",5,10
"2905","PPO","BBB",6,4
"2906","PPO","BBB",7,1
"2907","PPO","BOB",2,16
"2908","PPO","BOB",3,15
"2909","PPO","BOB",4,24
"2910","PPO","BOB",5,7
"2911","PPO","BOB",6,12
"2912","PPO","BOB",7,16
"2913","PPO","BOB",8,6
"2914","PPO","BOB",9,15
"2915","PPO","BOB",10,9
"2916","PPO","BOB",11,22
"2917","PPO","BOB",12,6
"2918","PPO","BOB",13,3
"2919","PPO","GGG",1,1
"2920","PPO","GGG",2,4
"2921","PPO","GGG",3,2
"2922","PPO","GGG",4,3
"2923","PPO","GGG",8,2
"2924","PPO","GGG",12,1
"2925","PPO","GGO",6,1
"2926","PPO","GGO",11,1
"2927","PPO","GOO",13,1
"2928","PPO","GOP",5,1
"2929","PPO","GOP",6,1
"2930","PPO","GPG",5,1
"2931","PPO","OBB",1,1
"2932","PPO","OBB",2,1
"2933","PPO","OBB",6,1
"2934","PPO","OGO",5,1
"2935","PPO","OGO",9,1
"2936","PPO","OOO",5,1
"2937","PPO","OOO",7,1
"2938","PPO","OOO",11,1
"2939","PPO","OOP",1,6
"2940","PPO","OOP",2,3
"2941","PPO","OOP",3,7
"2942","PPO","OOP",4,7
"2943","PPO","OOP",5,10
"2944","PPO","OOP",6,5
"2945","PPO","OOP",7,10
"2946","PPO","OOP",8,1
"2947","PPO","OOP",9,3
"2948","PPO","OOP",10,8
"2949","PPO","OOP",11,11
"2950","PPO","OOP",12,7
"2951","PPO","OOP",13,5
"2952","PPO","OPP",12,68
"2953","PPO","OPP",13,23
"2954","PPO","PBB",7,3
"2955","PPO","PBB",11,5
"2956","PPO","PBB",12,1
"2957","PPO","PBO",1,1
"2958","PPO","PBO",2,1
"2959","PPO","PGG",0,9
"2960","PPO","PGG",1,2
"2961","PPO","PGG",3,1
"2962","PPO","PGG",11,1
"2963","PPO","PGG",13,1
"2964","PPO","POO",1,1
"2965","PPO","POO",2,1
"2966","PPO","POP",10,1
"2967","PPO","POP",12,1
"2968","PPO","PPB",5,1
"2969","PPO","PPP",4,1
"2970","PPO","PPP",6,1
"2971","PPO","PPP",10,2
"2972","PPO","PPP",12,3
"2973","PPO","PPP",13,1
"2974","PPP","BBB",4,33
"2975","PPP","BBB",5,20
"2976","PPP","BBB",6,8
"2977","PPP","BBB",7,1
"2978","PPP","BBB",11,1
"2979","PPP","BBB",13,2
"2980","PPP","BOB",0,4
"2981","PPP","BOB",1,6
"2982","PPP","BOB",2,4
"2983","PPP","BOB",3,5
"2984","PPP","BOB",4,7
"2985","PPP","BOB",5,6
"2986","PPP","BOB",9,3
"2987","PPP","BOB",10,1
"2988","PPP","BOB",11,19
"2989","PPP","BOB",12,10
"2990","PPP","BOB",13,11
"2991","PPP","GGG",0,1
"2992","PPP","GGG",1,3
"2993","PPP","GGG",2,6
"2994","PPP","GGG",3,5
"2995","PPP","GGG",4,1
"2996","PPP","GGG",5,3
"2997","PPP","GGG",10,1
"2998","PPP","GGG",11,2
"2999","PPP","GGG",12,2
"3000","PPP","GGO",3,1
"3001","PPP","GGO",7,1
"3002","PPP","GGO",9,1
"3003","PPP","GOO",1,1
"3004","PPP","GOO",3,1
"3005","PPP","GOO",7,1
"3006","PPP","GOP",0,1
"3007","PPP","GOP",1,1
"3008","PPP","GOP",3,2
"3009","PPP","GOP",5,1
"3010","PPP","OBB",0,5
"3011","PPP","OBB",1,13
"3012","PPP","OBB",2,8
"3013","PPP","OBB",3,27
"3014","PPP","OBB",4,6
"3015","PPP","OBB",5,6
"3016","PPP","OBB",6,7
"3017","PPP","OBB",7,6
"3018","PPP","OBB",8,4
"3019","PPP","OBB",10,5
"3020","PPP","OBB",11,18
"3021","PPP","OBB",12,7
"3022","PPP","OBB",13,3
"3023","PPP","OGO",0,5
"3024","PPP","OGO",1,9
"3025","PPP","OGO",2,13
"3026","PPP","OGO",3,29
"3027","PPP","OGO",4,4
"3028","PPP","OGO",5,5
"3029","PPP","OGO",6,11
"3030","PPP","OGO",7,7
"3031","PPP","OGO",8,3
"3032","PPP","OGO",10,7
"3033","PPP","OGO",11,24
"3034","PPP","OGO",12,9
"3035","PPP","OGO",13,1
"3036","PPP","OOO",11,2
"3037","PPP","OOO",12,2
"3038","PPP","OOP",4,5
"3039","PPP","OPP",0,1
"3040","PPP","OPP",4,1
"3041","PPP","OPP",12,2
"3042","PPP","OPP",13,2
"3043","PPP","PBB",12,2
"3044","PPP","PBO",0,2
"3045","PPP","PBO",1,1
"3046","PPP","PBO",3,1
"3047","PPP","PBO",9,1
"3048","PPP","PGG",0,1
"3049","PPP","PGG",1,3
"3050","PPP","PGG",3,2
"3051","PPP","PGG",4,1
"3052","PPP","PGG",5,4
"3053","PPP","PGG",6,1
"3054","PPP","PGG",7,1
"3055","PPP","PGG",8,1
"3056","PPP","PGG",9,2
"3057","PPP","PGG",10,2
"3058","PPP","PGG",11,2
"3059","PPP","PGG",12,2
"3060","PPP","POO",1,1
"3061","PPP","POO",3,1
"3062","PPP","POO",4,1
"3063","PPP","POO",5,1
"3064","PPP","POO",13,1
"3065","PPP","POP",0,9
"3066","PPP","POP",1,2
"3067","PPP","POP",2,1
"3068","PPP","POP",3,19
"3069","PPP","POP",4,12
"3070","PPP","POP",5,7
"3071","PPP","POP",10,3
"3072","PPP","POP",11,11
"3073","PPP","POP",12,7
"3074","PPP","POP",13,5
"3075","PPP","PPB",3,1
"3076","PPP","PPB",7,1
"3077","PPP","PPO",0,2
"3078","PPP","PPO",1,9
"3079","PPP","PPO",2,5
"3080","PPP","PPO",3,6
"3081","PPP","PPO",4,4
"3082","PPP","PPO",5,5
"3083","PPP","PPO",6,4
"3084","PPP","PPO",11,3
"3085","PPP","PPO",12,1
"3086","PPP","PPO",13,2
